competition_id,season_id,country_name,competition_name,competition_gender,season_name,match_updated,match_available
9,352,Germany,1. Bundesliga,male,2027/2028,,
9,351,Germany,1. Bundesliga,male,2026/2027,,
9,318,Germany,1. Bundesliga,male,2025/2026,2026-05-04T22:59:48.000000,2026-05-04T22:59:48.000000
9,317,Germany,1. Bundesliga,male,2024/2025,2025-11-18T10:36:51.000000,2025-11-18T10:36:51.000000
9,281,Germany,1. Bundesliga,male,2023/2024,2024-09-28T20:46:38.893391,2024-09-28T20:46:38.893391
9,235,Germany,1. Bundesliga,male,2022/2023,2024-09-28T20:44:37.146405,2024-09-28T20:44:37.146405
9,108,Germany,1. Bundesliga,male,2021/2022,2024-12-15T12:42:25.055985,2024-12-15T12:42:25.055985
9,90,Germany,1. Bundesliga,male,2020/2021,2025-11-02T03:18:41.000000,2025-11-02T03:18:41.000000
9,42,Germany,1. Bundesliga,male,2019/2020,2025-01-07T18:24:29.770639,2025-01-07T18:24:29.770639
9,4,Germany,1. Bundesliga,male,2018/2019,2025-01-21T14:04:53.976605,2025-01-21T14:04:53.976605
9,1,Germany,1. Bundesliga,male,2017/2018,2024-12-24T06:13:46.829794,2024-12-24T06:13:46.829794
9,2,Germany,1. Bundesliga,male,2016/2017,2024-12-15T12:37:27.495074,2024-12-15T12:37:27.495074
260,352,Denmark,1. Division,male,2027/2028,,
260,351,Denmark,1. Division,male,2026/2027,,
260,318,Denmark,1. Division,male,2025/2026,2026-05-04T15:16:22.000000,2026-05-04T15:16:22.000000
260,317,Denmark,1. Division,male,2024/2025,2025-05-28T22:51:51.447513,2025-05-28T22:51:51.447513
260,281,Denmark,1. Division,male,2023/2024,2026-03-19T12:09:49.000000,2026-03-19T12:09:49.000000
78,352,Croatia,1. HNL,male,2027/2028,,
78,351,Croatia,1. HNL,male,2026/2027,,
78,318,Croatia,1. HNL,male,2025/2026,2026-05-04T19:03:45.936644,2026-05-04T14:16:31.000000
78,317,Croatia,1. HNL,male,2024/2025,2025-06-26T18:52:59.637444,2025-06-26T18:52:59.637444
78,281,Croatia,1. HNL,male,2023/2024,2026-04-06T21:49:46.000000,2026-04-06T21:49:46.000000
78,235,Croatia,1. HNL,male,2022/2023,2025-04-23T14:00:31.773197,2025-04-23T14:00:31.773197
78,108,Croatia,1. HNL,male,2021/2022,2024-09-23T07:55:22.744720,2024-09-23T07:55:22.744720
78,90,Croatia,1. HNL,male,2020/2021,2025-04-23T14:31:54.079436,2025-04-23T14:31:54.079436
78,42,Croatia,1. HNL,male,2019/2020,2025-04-23T14:30:36.080629,2025-04-23T14:30:36.080629
1714,318,Slovenia,1. SNL,male,2025/2026,2026-05-04T19:09:25.000000,2026-05-04T19:09:25.000000
1714,317,Slovenia,1. SNL,male,2024/2025,2026-04-05T08:18:51.999493,2025-06-16T19:55:14.171440
10,352,Germany,2. Bundesliga,male,2027/2028,,
10,351,Germany,2. Bundesliga,male,2026/2027,,
10,318,Germany,2. Bundesliga,male,2025/2026,2026-05-04T23:30:14.000000,2026-05-04T23:30:14.000000
10,317,Germany,2. Bundesliga,male,2024/2025,2025-11-18T10:39:47.000000,2025-11-18T10:39:47.000000
10,281,Germany,2. Bundesliga,male,2023/2024,2026-04-15T11:26:18.000000,2026-04-15T11:26:18.000000
10,235,Germany,2. Bundesliga,male,2022/2023,2025-02-02T16:10:54.701166,2025-02-02T16:10:54.701166
10,108,Germany,2. Bundesliga,male,2021/2022,2024-09-29T03:16:58.273645,2024-09-29T03:16:58.273645
10,90,Germany,2. Bundesliga,male,2020/2021,2025-04-23T14:29:20.280448,2025-04-23T14:29:20.280448
10,42,Germany,2. Bundesliga,male,2019/2020,2024-12-16T16:50:08.456115,2024-12-16T16:50:08.456115
10,4,Germany,2. Bundesliga,male,2018/2019,2025-07-14T10:00:54.698374,2025-07-14T10:00:54.698374
1581,318,Austria,2. Liga,male,2025/2026,2026-05-04T00:22:11.000000,2026-05-04T00:22:11.000000
1581,317,Austria,2. Liga,male,2024/2025,2026-04-19T15:30:51.225936,2026-01-06T09:49:23.000000
179,352,Germany,3. Liga,male,2027/2028,,
179,351,Germany,3. Liga,male,2026/2027,,
179,318,Germany,3. Liga,male,2025/2026,2026-05-04T09:21:41.657102,2026-05-04T08:37:42.000000
179,317,Germany,3. Liga,male,2024/2025,2025-11-18T10:38:41.000000,2025-11-18T10:38:41.000000
179,281,Germany,3. Liga,male,2023/2024,2025-01-29T17:18:43.877348,2025-01-29T17:18:43.877348
179,235,Germany,3. Liga,male,2022/2023,2025-11-19T18:13:47.000000,2025-11-19T18:13:47.000000
179,108,Germany,3. Liga,male,2021/2022,2025-04-23T14:51:43.796091,2025-04-23T14:51:43.796091
179,90,Germany,3. Liga,male,2020/2021,2025-04-23T14:14:40.158181,2025-04-23T14:14:40.158181
93,352,Australia,A-League,male,2027/2028,,
93,351,Australia,A-League,male,2026/2027,,
93,318,Australia,A-League,male,2025/2026,2026-05-04T06:03:39.000000,2026-05-04T06:03:39.000000
93,317,Australia,A-League,male,2024/2025,2025-07-26T16:54:46.508193,2025-07-26T16:54:46.508193
93,281,Australia,A-League,male,2023/2024,2024-08-31T14:07:36.841136,2024-08-31T14:07:36.841136
93,235,Australia,A-League,male,2022/2023,2024-09-28T18:03:46.405204,2024-09-28T18:03:46.405204
93,108,Australia,A-League,male,2021/2022,2024-09-29T17:47:15.675076,2024-09-29T17:47:15.675076
93,90,Australia,A-League,male,2020/2021,2025-06-24T13:58:26.947248,2025-06-24T13:58:26.947248
93,42,Australia,A-League,male,2019/2020,2025-02-20T11:08:30.865099,2025-02-20T11:08:30.865099
1611,318,Netherlands,AZ Academy Friendlies,male,2025/2026,2026-05-02T00:02:24.000000,2026-05-02T00:02:24.000000
1611,317,Netherlands,AZ Academy Friendlies,male,2024/2025,2026-04-08T11:01:59.435843,2025-08-12T13:21:12.057003
1611,281,Netherlands,AZ Academy Friendlies,male,2023/2024,2024-03-28T19:56:43.385181,2024-03-28T19:56:43.385181
1527,318,Netherlands,AZ Friendlies,male,2025/2026,2026-04-18T16:25:50.000000,2026-04-18T16:25:50.000000
1527,317,Netherlands,AZ Friendlies,male,2024/2025,2024-08-20T07:46:53.221914,2024-08-20T07:46:53.221914
1527,281,Netherlands,AZ Friendlies,male,2023/2024,2023-11-19T21:39:43.530552,2023-11-19T21:39:43.530552
1585,281,Netherlands,AZ II Friendlies,male,2023/2024,2023-11-09T01:17:44.450191,2023-11-09T01:17:44.450191
1551,318,Netherlands,AZ U15s,male,2025/2026,2026-05-04T09:11:12.000000,2026-05-04T09:11:12.000000
1551,317,Netherlands,AZ U15s,male,2024/2025,2025-06-16T21:57:39.926371,2025-06-16T21:57:39.926371
1551,281,Netherlands,AZ U15s,male,2023/2024,2025-03-11T12:05:42.403522,2025-03-11T12:05:42.403522
1552,318,Netherlands,AZ U16s,male,2025/2026,2026-05-04T13:05:41.000000,2026-05-04T13:05:41.000000
1552,317,Netherlands,AZ U16s,male,2024/2025,2026-03-31T13:24:47.000000,2026-03-31T13:24:47.000000
1552,281,Netherlands,AZ U16s,male,2023/2024,2024-08-01T10:54:55.606852,2024-08-01T10:54:55.606852
1555,318,Netherlands,AZ U17s,male,2025/2026,2026-05-04T13:56:43.000000,2026-05-04T13:56:43.000000
1555,317,Netherlands,AZ U17s,male,2024/2025,2025-05-24T19:39:24.266254,2025-05-19T14:56:07.575544
1555,281,Netherlands,AZ U17s,male,2023/2024,2025-03-11T12:02:40.958372,2025-03-11T12:02:40.958372
1556,281,Netherlands,AZ U18s,male,2023/2024,2024-09-28T20:02:52.914827,2024-09-28T20:02:52.914827
1746,318,Netherlands,AZ U19s,male,2025/2026,2026-05-04T15:22:13.000000,2026-05-04T15:22:13.000000
1746,317,Netherlands,AZ U19s,male,2024/2025,2026-04-08T10:57:33.981571,2025-05-30T12:31:25.116375
75,356,Sweden,Allsvenskan,male,2028,,
75,355,Sweden,Allsvenskan,male,2027,,
75,316,Sweden,Allsvenskan,male,2026,2026-05-04T23:42:33.000000,2026-05-04T23:42:33.000000
75,315,Sweden,Allsvenskan,male,2025,2026-04-15T15:07:20.000000,2026-04-15T15:07:20.000000
75,282,Sweden,Allsvenskan,male,2024,2025-09-20T14:54:23.846287,2025-09-20T14:54:23.846287
75,107,Sweden,Allsvenskan,male,2023,2024-12-15T13:25:15.800560,2024-12-15T13:25:15.800560
75,106,Sweden,Allsvenskan,male,2022,2025-02-26T17:58:55.828590,2025-02-26T17:58:55.828590
75,91,Sweden,Allsvenskan,male,2021,2025-06-15T12:53:00.160605,2025-06-15T12:53:00.160605
75,43,Sweden,Allsvenskan,male,2020,2024-08-07T17:22:31.897836,2024-08-07T17:22:31.897836
75,30,Sweden,Allsvenskan,male,2019,2024-08-08T15:58:52.128013,2024-08-08T15:58:52.128013
1607,316,Iceland,Besta deild karla,male,2026,2026-05-04T17:20:43.000000,2026-05-04T17:20:43.000000
1607,315,Iceland,Besta deild karla,male,2025,2026-04-15T15:25:35.000000,2026-04-15T15:25:35.000000
1607,282,Iceland,Besta deild karla,male,2024,2026-04-15T13:18:45.000000,2026-04-15T13:18:45.000000
47,352,Austria,Bundesliga,male,2027/2028,,
47,351,Austria,Bundesliga,male,2026/2027,,
47,318,Austria,Bundesliga,male,2025/2026,2026-05-04T17:47:09.517580,2026-05-04T15:15:45.000000
47,317,Austria,Bundesliga,male,2024/2025,2025-06-24T17:59:46.301076,2025-06-24T17:59:46.301076
47,281,Austria,Bundesliga,male,2023/2024,2026-04-28T19:10:59.000000,2026-04-28T19:10:59.000000
47,235,Austria,Bundesliga,male,2022/2023,2026-04-19T15:30:51.225936,2024-09-17T03:40:44.853781
47,108,Austria,Bundesliga,male,2021/2022,2024-09-29T03:24:47.945655,2024-09-29T03:24:47.945655
47,90,Austria,Bundesliga,male,2020/2021,2025-11-02T02:37:52.000000,2025-11-02T02:37:52.000000
47,42,Austria,Bundesliga,male,2019/2020,2024-02-26T00:24:25.274496,2024-02-26T00:24:25.274496
47,4,Austria,Bundesliga,male,2018/2019,2025-07-14T09:56:00.116927,2025-07-14T09:56:00.116927
119,281,Germany,Bundesliga 1/2 Play-offs,male,2023/2024,2024-06-06T06:30:13.704995,2024-06-06T06:30:13.704995
119,235,Germany,Bundesliga 1/2 Play-offs,male,2022/2023,2024-01-10T15:30:28.455602,2024-01-10T15:30:28.455602
119,108,Germany,Bundesliga 1/2 Play-offs,male,2021/2022,2024-02-13T13:21:39.336921,2024-02-13T13:21:39.336921
119,90,Germany,Bundesliga 1/2 Play-offs,male,2020/2021,2022-12-01T18:10:54.282822,2022-12-01T18:10:54.282822
119,42,Germany,Bundesliga 1/2 Play-offs,male,2019/2020,2022-09-09T20:32:55.276248,2022-09-09T20:32:55.276248
121,352,Germany,Bundesliga 2/3 Play-offs,male,2027/2028,,
121,351,Germany,Bundesliga 2/3 Play-offs,male,2026/2027,,
121,318,Germany,Bundesliga 2/3 Play-offs,male,2025/2026,,
121,317,Germany,Bundesliga 2/3 Play-offs,male,2024/2025,2025-05-28T10:06:05.399320,2025-05-28T10:06:05.399320
121,281,Germany,Bundesliga 2/3 Play-offs,male,2023/2024,2024-06-10T03:39:59.263140,2024-06-10T03:39:59.263140
121,235,Germany,Bundesliga 2/3 Play-offs,male,2022/2023,2023-06-19T17:17:49.130008,2023-06-19T17:17:49.130008
121,108,Germany,Bundesliga 2/3 Play-offs,male,2021/2022,2024-02-13T08:18:48.612598,2024-02-13T08:18:48.612598
121,90,Germany,Bundesliga 2/3 Play-offs,male,2020/2021,2022-12-01T15:26:53.544494,2022-12-01T15:26:53.544494
121,42,Germany,Bundesliga 2/3 Play-offs,male,2019/2020,2020-08-27T02:17:02.886735,2020-08-27T02:17:02.886735
101,356,N/C America,CONCACAF Champions Cup,male,2028,,
101,355,N/C America,CONCACAF Champions Cup,male,2027,,
101,316,N/C America,CONCACAF Champions Cup,male,2026,2026-05-02T15:06:16.362837,2026-04-30T16:49:49.000000
101,315,N/C America,CONCACAF Champions Cup,male,2025,2026-04-06T11:30:41.585164,2025-06-16T07:17:44.173083
101,282,N/C America,CONCACAF Champions Cup,male,2024,2026-04-06T11:30:41.585164,2025-08-15T14:16:18.642330
101,107,N/C America,CONCACAF Champions Cup,male,2023,2026-05-03T02:52:29.000000,2026-05-03T02:52:29.000000
101,106,N/C America,CONCACAF Champions Cup,male,2022,2024-02-13T08:08:25.863314,2024-02-13T08:08:25.863314
101,91,N/C America,CONCACAF Champions Cup,male,2021,2026-04-01T13:50:17.000000,2026-04-01T13:50:17.000000
101,43,N/C America,CONCACAF Champions Cup,male,2020,2026-04-06T11:30:41.585164,2024-02-12T13:16:31.253652
273,356,South America,CONMEBOL Sudamericana,male,2028,,
273,355,South America,CONMEBOL Sudamericana,male,2027,,
273,316,South America,CONMEBOL Sudamericana,male,2026,2026-05-04T13:45:17.000000,2026-05-04T13:45:17.000000
273,315,South America,CONMEBOL Sudamericana,male,2025,2025-12-03T17:06:10.000000,2025-12-03T17:06:10.000000
273,282,South America,CONMEBOL Sudamericana,male,2024,2026-04-28T19:28:18.000000,2026-04-28T19:28:18.000000
273,107,South America,CONMEBOL Sudamericana,male,2023,2026-05-03T02:53:34.000000,2026-05-03T02:53:34.000000
273,106,South America,CONMEBOL Sudamericana,male,2022,2026-05-04T22:44:15.000000,2026-05-04T22:44:15.000000
273,91,South America,CONMEBOL Sudamericana,male,2021,2026-04-07T23:00:01.000000,2026-04-07T23:00:01.000000
238,352,Italy,Campionato Primavera 1,male,2027/2028,,
238,351,Italy,Campionato Primavera 1,male,2026/2027,,
238,318,Italy,Campionato Primavera 1,male,2025/2026,2026-05-04T21:32:18.291538,2026-05-04T21:24:38.000000
238,317,Italy,Campionato Primavera 1,male,2024/2025,2026-04-27T12:29:49.000000,2026-04-27T12:29:49.000000
238,281,Italy,Campionato Primavera 1,male,2023/2024,2026-05-02T14:35:09.269816,2026-04-28T20:03:54.000000
238,235,Italy,Campionato Primavera 1,male,2022/2023,2026-05-03T17:45:25.000000,2026-05-03T17:45:25.000000
177,352,Switzerland,Challenge League,male,2027/2028,,
177,351,Switzerland,Challenge League,male,2026/2027,,
177,318,Switzerland,Challenge League,male,2025/2026,2026-05-04T23:46:02.000000,2026-05-04T23:46:02.000000
177,317,Switzerland,Challenge League,male,2024/2025,2025-06-18T07:06:35.164950,2025-06-18T07:06:35.164950
177,281,Switzerland,Challenge League,male,2023/2024,2024-09-28T20:01:07.258967,2024-09-28T20:01:07.258967
177,235,Switzerland,Challenge League,male,2022/2023,2024-10-31T19:17:28.872798,2024-10-31T19:17:28.872798
177,108,Switzerland,Challenge League,male,2021/2022,2024-09-28T18:40:46.251676,2024-09-28T18:40:46.251676
177,90,Switzerland,Challenge League,male,2020/2021,2025-04-23T14:34:06.283294,2025-04-23T14:34:06.283294
1035,352,Belgium,Challenger Pro League,male,2027/2028,,
1035,351,Belgium,Challenger Pro League,male,2026/2027,,
1035,318,Belgium,Challenger Pro League,male,2025/2026,2026-05-03T07:41:07.000000,2026-05-03T07:41:07.000000
1035,317,Belgium,Challenger Pro League,male,2024/2025,2026-03-10T07:29:10.577943,2025-11-18T10:22:35.000000
1035,281,Belgium,Challenger Pro League,male,2023/2024,2026-04-15T14:51:47.489823,2025-05-07T10:07:20.958650
1035,235,Belgium,Challenger Pro League,male,2022/2023,2026-04-15T14:51:47.489823,2025-04-23T14:37:45.126664
1035,108,Belgium,Challenger Pro League,male,2021/2022,2025-04-23T14:48:16.974926,2025-04-23T14:48:16.974926
129,352,France,Championnat National,male,2027/2028,,
129,351,France,Championnat National,male,2026/2027,,
129,318,France,Championnat National,male,2025/2026,2026-05-04T14:29:53.000000,2026-05-04T14:29:53.000000
129,317,France,Championnat National,male,2024/2025,2025-06-17T20:25:10.401948,2025-06-17T20:25:10.401948
129,281,France,Championnat National,male,2023/2024,2025-10-03T17:36:31.000000,2025-10-03T17:36:31.000000
129,235,France,Championnat National,male,2022/2023,2026-03-28T13:27:45.302913,2025-01-13T16:47:15.915702
129,108,France,Championnat National,male,2021/2022,2026-04-06T14:15:15.000000,2026-04-06T14:15:15.000000
129,90,France,Championnat National,male,2020/2021,2026-04-14T13:14:08.000000,2026-04-14T13:14:08.000000
16,352,Europe,Champions League,male,2027/2028,,
16,351,Europe,Champions League,male,2026/2027,,
16,318,Europe,Champions League,male,2025/2026,2026-05-01T16:26:28.000000,2026-05-01T16:26:28.000000
16,317,Europe,Champions League,male,2024/2025,2026-04-28T18:11:03.000000,2026-04-28T18:11:03.000000
16,281,Europe,Champions League,male,2023/2024,2026-05-03T03:01:57.000000,2026-05-03T03:01:57.000000
16,235,Europe,Champions League,male,2022/2023,2026-05-04T01:06:45.000000,2026-05-04T01:06:45.000000
16,108,Europe,Champions League,male,2021/2022,2026-04-15T11:51:45.616048,2025-09-19T00:00:36.315459
16,90,Europe,Champions League,male,2020/2021,2026-04-15T11:51:45.616048,2026-04-07T21:19:30.000000
16,42,Europe,Champions League,male,2019/2020,2026-04-15T11:51:45.616048,2024-06-12T07:34:24.405433
16,4,Europe,Champions League,male,2018/2019,2026-03-06T00:01:59.000000,2026-03-06T00:01:59.000000
3,352,England,Championship,male,2027/2028,,
3,351,England,Championship,male,2026/2027,,
3,318,England,Championship,male,2025/2026,2026-05-04T22:47:14.000000,2026-05-04T22:47:14.000000
3,317,England,Championship,male,2024/2025,2026-04-15T13:22:21.000000,2026-04-15T13:22:21.000000
3,281,England,Championship,male,2023/2024,2026-05-01T08:29:52.000000,2026-05-01T08:29:52.000000
3,235,England,Championship,male,2022/2023,2026-05-03T17:12:53.000000,2026-05-03T17:12:53.000000
3,108,England,Championship,male,2021/2022,2026-04-08T06:50:07.055418,2024-09-29T03:27:43.903555
3,90,England,Championship,male,2020/2021,2026-04-08T06:50:07.055418,2026-02-24T15:57:27.000000
3,42,England,Championship,male,2019/2020,2026-04-08T06:50:07.055418,2025-02-10T10:40:01.182447
3,4,England,Championship,male,2018/2019,2026-04-08T06:50:07.055418,2025-07-14T10:07:58.666525
76,352,Czech Republic,Czech Liga,male,2027/2028,,
76,351,Czech Republic,Czech Liga,male,2026/2027,,
76,318,Czech Republic,Czech Liga,male,2025/2026,2026-05-04T22:59:22.000000,2026-05-04T22:59:22.000000
76,317,Czech Republic,Czech Liga,male,2024/2025,2026-04-11T21:10:41.130501,2025-07-17T15:40:46.341049
76,281,Czech Republic,Czech Liga,male,2023/2024,2026-04-11T21:10:41.130501,2024-10-31T19:17:32.279415
76,235,Czech Republic,Czech Liga,male,2022/2023,2025-12-17T14:35:02.000000,2025-12-17T14:35:02.000000
76,108,Czech Republic,Czech Liga,male,2021/2022,2025-04-23T14:47:44.953350,2025-04-23T14:47:44.953350
76,90,Czech Republic,Czech Liga,male,2020/2021,2025-04-23T14:37:49.063944,2025-04-23T14:37:49.063944
76,42,Czech Republic,Czech Liga,male,2019/2020,2024-08-07T17:19:26.494967,2024-08-07T17:19:26.494967
247,356,Paraguay,Division Profesional,male,2028,,
247,355,Paraguay,Division Profesional,male,2027,,
247,316,Paraguay,Division Profesional,male,2026,2026-05-04T19:51:55.098401,2026-05-04T18:37:50.000000
247,315,Paraguay,Division Profesional,male,2025,2026-04-29T18:39:50.000000,2026-04-29T18:39:50.000000
247,282,Paraguay,Division Profesional,male,2024,2026-04-03T01:14:34.878379,2025-06-15T12:56:32.176996
247,107,Paraguay,Division Profesional,male,2023,2026-04-15T11:15:30.000000,2026-04-15T11:15:30.000000
247,106,Paraguay,Division Profesional,male,2022,2025-04-23T13:58:21.525892,2025-04-23T13:58:21.525892
247,91,Paraguay,Division Profesional,male,2021,2025-04-23T14:49:59.562666,2025-04-23T14:49:59.562666
63,352,Netherlands,Eerste Divisie,male,2027/2028,,
63,351,Netherlands,Eerste Divisie,male,2026/2027,,
63,318,Netherlands,Eerste Divisie,male,2025/2026,2026-05-01T23:37:34.000000,2026-05-01T23:37:34.000000
63,317,Netherlands,Eerste Divisie,male,2024/2025,2026-03-09T22:59:04.829975,2026-03-06T00:02:26.000000
63,281,Netherlands,Eerste Divisie,male,2023/2024,2024-12-20T13:31:11.572468,2024-12-20T13:31:11.572468
63,235,Netherlands,Eerste Divisie,male,2022/2023,2024-11-05T18:18:06.811766,2024-11-05T18:18:06.811766
63,108,Netherlands,Eerste Divisie,male,2021/2022,2024-12-15T12:41:06.008158,2024-12-15T12:41:06.008158
63,90,Netherlands,Eerste Divisie,male,2020/2021,2024-09-22T21:17:07.030200,2024-09-22T21:17:07.030200
63,42,Netherlands,Eerste Divisie,male,2019/2020,2026-03-09T23:39:16.253489,2025-04-23T14:42:40.922219
63,4,Netherlands,Eerste Divisie,male,2018/2019,2025-04-23T14:38:44.549400,2025-04-23T14:38:44.549400
38,352,Poland,Ekstraklasa,male,2027/2028,,
38,351,Poland,Ekstraklasa,male,2026/2027,,
38,318,Poland,Ekstraklasa,male,2025/2026,2026-05-04T23:07:50.000000,2026-05-04T23:07:50.000000
38,317,Poland,Ekstraklasa,male,2024/2025,2025-07-16T18:26:19.723540,2025-07-16T18:26:19.723540
38,281,Poland,Ekstraklasa,male,2023/2024,2025-02-16T12:11:10.838741,2025-02-16T12:11:10.838741
38,235,Poland,Ekstraklasa,male,2022/2023,2024-12-17T16:11:29.953971,2024-12-17T16:11:29.953971
38,108,Poland,Ekstraklasa,male,2021/2022,2026-04-08T00:42:50.000000,2026-04-08T00:42:50.000000
38,90,Poland,Ekstraklasa,male,2020/2021,2025-04-23T14:35:00.516219,2025-04-23T14:35:00.516219
38,42,Poland,Ekstraklasa,male,2019/2020,2024-06-25T21:19:45.493865,2024-06-25T21:19:45.493865
38,4,Poland,Ekstraklasa,male,2018/2019,2025-07-14T09:52:47.671817,2025-07-14T09:52:47.671817
88,356,Norway,Eliteserien,male,2028,,
88,355,Norway,Eliteserien,male,2027,,
88,316,Norway,Eliteserien,male,2026,2026-05-04T23:25:27.000000,2026-05-04T23:25:27.000000
88,315,Norway,Eliteserien,male,2025,2026-04-07T12:35:45.000000,2026-04-07T12:35:45.000000
88,282,Norway,Eliteserien,male,2024,2026-04-15T13:08:59.000000,2026-04-15T13:08:59.000000
88,107,Norway,Eliteserien,male,2023,2026-04-15T11:06:08.000000,2026-04-15T11:06:08.000000
88,106,Norway,Eliteserien,male,2022,2026-02-16T09:46:47.000000,2026-02-16T09:46:47.000000
88,91,Norway,Eliteserien,male,2021,2026-02-16T09:33:30.000000,2026-02-16T09:33:30.000000
88,43,Norway,Eliteserien,male,2020,2025-06-16T12:32:11.619336,2025-06-16T12:32:11.619336
88,30,Norway,Eliteserien,male,2019,2024-08-08T16:43:50.145081,2024-08-08T16:43:50.145081
6,352,Netherlands,Eredivisie,male,2027/2028,,
6,351,Netherlands,Eredivisie,male,2026/2027,,
6,318,Netherlands,Eredivisie,male,2025/2026,2026-05-04T21:27:56.000000,2026-05-04T21:27:56.000000
6,317,Netherlands,Eredivisie,male,2024/2025,2026-01-21T20:45:21.000000,2026-01-21T20:45:21.000000
6,281,Netherlands,Eredivisie,male,2023/2024,2024-09-28T01:54:29.217494,2024-09-28T01:54:29.217494
6,235,Netherlands,Eredivisie,male,2022/2023,2025-11-02T03:43:11.000000,2025-11-02T03:43:11.000000
6,108,Netherlands,Eredivisie,male,2021/2022,2025-01-17T19:29:57.780642,2025-01-17T19:29:57.780642
6,90,Netherlands,Eredivisie,male,2020/2021,2025-11-02T01:00:06.000000,2025-11-02T01:00:06.000000
6,42,Netherlands,Eredivisie,male,2019/2020,2026-03-13T10:51:25.272323,2024-03-31T20:36:10.213812
6,4,Netherlands,Eredivisie,male,2018/2019,2025-04-23T14:10:12.631282,2025-04-23T14:10:12.631282
1282,352,Netherlands,Eredivisie Women,female,2027/2028,,
1282,351,Netherlands,Eredivisie Women,female,2026/2027,,
1282,318,Netherlands,Eredivisie Women,female,2025/2026,2026-05-04T14:30:43.916571,2026-05-04T07:11:14.000000
1282,317,Netherlands,Eredivisie Women,female,2024/2025,2026-04-11T14:45:28.000000,2026-04-11T14:45:28.000000
1282,281,Netherlands,Eredivisie Women,female,2023/2024,2026-04-11T13:54:20.000000,2026-04-11T13:54:20.000000
1580,107,International,FIFA U17 World Cup,male,2023,2026-05-02T14:43:23.000000,2026-05-02T14:43:23.000000
1470,107,International,FIFA U20 World Cup,male,2023,2026-05-03T17:40:34.000000,2026-05-03T17:40:34.000000
1865,318,Bulgaria,First League,male,2025/2026,2026-05-04T15:52:40.000000,2026-05-04T15:52:40.000000
1985,316,Japan,J1 100 Year Vision League,male,2026,2026-05-04T22:10:19.000000,2026-05-04T22:10:19.000000
108,356,Japan,J1 League,male,2028,,
108,355,Japan,J1 League,male,2027,,
108,315,Japan,J1 League,male,2025,2026-02-03T16:48:50.000000,2026-02-03T16:48:50.000000
108,282,Japan,J1 League,male,2024,2025-02-23T06:27:44.920784,2025-02-23T06:27:44.920784
108,107,Japan,J1 League,male,2023,2024-12-20T23:39:16.509075,2024-12-20T23:39:16.509075
108,106,Japan,J1 League,male,2022,2024-09-29T16:59:36.373644,2024-09-29T16:59:36.373644
108,91,Japan,J1 League,male,2021,2024-08-05T15:55:04.769228,2024-08-05T15:55:04.769228
108,43,Japan,J1 League,male,2020,2024-09-19T14:59:46.246658,2024-09-19T14:59:46.246658
250,356,Japan,J2 League,male,2028,,
250,355,Japan,J2 League,male,2027,,
250,315,Japan,J2 League,male,2025,2026-04-15T14:50:12.000000,2026-04-15T14:50:12.000000
250,282,Japan,J2 League,male,2024,2025-01-16T22:23:12.857545,2025-01-16T22:23:12.857545
250,107,Japan,J2 League,male,2023,2025-01-21T03:29:19.035906,2025-01-21T03:29:19.035906
250,106,Japan,J2 League,male,2022,2024-11-05T13:06:11.462110,2024-11-05T13:06:11.462110
250,91,Japan,J2 League,male,2021,2025-04-23T14:48:37.202610,2025-04-23T14:48:37.202610
1982,316,Japan,J2/J3 League,male,2026,2026-05-04T22:53:36.000000,2026-05-04T22:53:36.000000
46,318,Belgium,Jupiler Pro League,male,2025/2026,2026-05-04T22:05:45.000000,2026-05-04T22:05:45.000000
46,317,Belgium,Jupiler Pro League,male,2024/2025,2026-04-15T14:51:47.489823,2026-01-22T14:31:47.000000
46,281,Belgium,Jupiler Pro League,male,2023/2024,2024-09-28T13:36:22.944637,2024-09-28T13:36:22.944637
46,235,Belgium,Jupiler Pro League,male,2022/2023,2025-11-20T02:25:42.000000,2025-11-20T02:25:42.000000
46,108,Belgium,Jupiler Pro League,male,2021/2022,2025-11-03T10:25:27.000000,2025-11-03T10:25:27.000000
46,90,Belgium,Jupiler Pro League,male,2020/2021,2025-11-02T01:14:24.000000,2025-11-02T01:14:24.000000
46,42,Belgium,Jupiler Pro League,male,2019/2020,2024-06-12T07:31:37.396699,2024-06-12T07:31:37.396699
46,4,Belgium,Jupiler Pro League,male,2018/2019,2025-04-23T14:28:29.781742,2025-04-23T14:28:29.781742
109,356,Korea Republic,K League 1,male,2028,,
109,355,Korea Republic,K League 1,male,2027,,
109,316,Korea Republic,K League 1,male,2026,2026-05-03T13:40:50.000000,2026-05-03T13:40:50.000000
109,315,Korea Republic,K League 1,male,2025,2026-04-04T06:43:50.038749,2026-03-09T09:34:59.000000
109,282,Korea Republic,K League 1,male,2024,2026-04-04T06:43:50.038749,2025-06-15T12:57:20.181233
109,107,Korea Republic,K League 1,male,2023,2026-04-04T06:43:50.038749,2024-09-28T15:10:25.643872
109,106,Korea Republic,K League 1,male,2022,2024-09-29T17:53:03.481903,2024-09-29T17:53:03.481903
109,91,Korea Republic,K League 1,male,2021,2024-08-06T14:10:50.133234,2024-08-06T14:10:50.133234
109,43,Korea Republic,K League 1,male,2020,2025-03-14T11:32:58.032288,2025-03-14T11:32:58.032288
251,356,Korea Republic,K League 2,male,2028,,
251,355,Korea Republic,K League 2,male,2027,,
251,316,Korea Republic,K League 2,male,2026,2026-05-04T09:07:54.000000,2026-05-04T09:07:54.000000
251,315,Korea Republic,K League 2,male,2025,2026-04-04T06:43:50.038749,2026-01-07T19:18:22.000000
251,282,Korea Republic,K League 2,male,2024,2026-04-04T06:43:50.038749,2025-01-30T02:09:14.395094
251,107,Korea Republic,K League 2,male,2023,2026-04-15T10:32:25.000000,2026-04-15T10:32:25.000000
251,106,Korea Republic,K League 2,male,2022,2026-04-14T14:35:32.000000,2026-04-14T14:35:32.000000
251,91,Korea Republic,K League 2,male,2021,2025-06-15T12:55:05.028509,2025-06-15T12:55:05.028509
1624,318,Netherlands,KNVB Beker Women: AZ,female,2025/2026,2026-04-11T14:35:01.349857,2026-04-10T13:57:45.000000
1624,317,Netherlands,KNVB Beker Women: AZ,female,2024/2025,2026-04-11T14:36:26.000000,2026-04-11T14:36:26.000000
1624,281,Netherlands,KNVB Beker Women: AZ,female,2023/2024,2026-04-11T14:34:39.316005,2026-04-07T11:33:23.000000
1741,318,Netherlands,KNVB Cup AZ U19s,male,2025/2026,2026-04-29T16:41:11.990938,2026-04-12T18:18:55.000000
1741,317,Netherlands,KNVB Cup AZ U19s,male,2024/2025,2026-04-08T10:57:33.981571,2025-01-22T12:55:59.197099
1604,318,Netherlands,KNVB Cup: AZ,male,2025/2026,2026-04-20T06:19:38.000000,2026-04-20T06:19:38.000000
1604,317,Netherlands,KNVB Cup: AZ,male,2024/2025,2025-05-13T07:23:26.408762,2025-05-13T07:23:26.408762
1604,281,Netherlands,KNVB Cup: AZ,male,2023/2024,2024-04-07T17:56:37.497490,2024-04-07T17:56:37.497490
1559,318,Netherlands,KNVB Youth Cup AZ U15s,male,2025/2026,2026-04-25T15:07:39.938331,2026-04-11T23:48:31.000000
1559,317,Netherlands,KNVB Youth Cup AZ U15s,male,2024/2025,2025-03-11T12:06:41.369952,2025-03-11T12:06:41.369952
1558,318,Netherlands,KNVB Youth Cup AZ U16s,male,2025/2026,2026-04-23T23:51:58.000000,2026-04-23T23:51:58.000000
1558,317,Netherlands,KNVB Youth Cup AZ U16s,male,2024/2025,2024-09-01T14:36:30.202221,2024-09-01T14:36:30.202221
1742,318,Netherlands,KNVB Youth Cup AZ U17s,male,2025/2026,2025-11-10T10:30:32.000000,2025-11-10T10:30:32.000000
1742,317,Netherlands,KNVB Youth Cup AZ U17s,male,2024/2025,2024-12-15T15:51:35.594519,2024-12-15T15:51:35.594519
1211,352,Israel,LIGAT HA'Al,male,2027/2028,,
1211,351,Israel,LIGAT HA'Al,male,2026/2027,,
1211,318,Israel,LIGAT HA'Al,male,2025/2026,2026-05-05T00:04:05.000000,2026-05-05T00:04:05.000000
1211,317,Israel,LIGAT HA'Al,male,2024/2025,2026-03-09T18:03:14.000000,2026-03-09T18:03:14.000000
1211,281,Israel,LIGAT HA'Al,male,2023/2024,2024-11-05T05:39:55.755874,2024-11-05T05:39:55.755874
1211,235,Israel,LIGAT HA'Al,male,2022/2023,2024-12-15T15:03:22.765783,2024-12-15T15:03:22.765783
1211,108,Israel,LIGAT HA'Al,male,2021/2022,2024-03-08T15:10:23.520173,2024-03-08T15:10:23.520173
11,352,Spain,La Liga,male,2027/2028,,
11,351,Spain,La Liga,male,2026/2027,,
11,318,Spain,La Liga,male,2025/2026,2026-05-04T22:29:16.000000,2026-05-04T22:29:16.000000
11,317,Spain,La Liga,male,2024/2025,2025-11-18T10:27:10.000000,2025-11-18T10:27:10.000000
11,281,Spain,La Liga,male,2023/2024,2025-12-22T16:23:08.000000,2025-12-22T16:23:08.000000
11,235,Spain,La Liga,male,2022/2023,2024-12-19T10:55:14.235647,2024-12-19T10:55:14.235647
11,108,Spain,La Liga,male,2021/2022,2024-09-29T17:47:08.126166,2024-09-29T17:47:08.126166
11,90,Spain,La Liga,male,2020/2021,2025-11-02T03:52:11.000000,2025-11-02T03:52:11.000000
11,42,Spain,La Liga,male,2019/2020,2024-12-16T16:51:06.833054,2024-12-16T16:51:06.833054
11,4,Spain,La Liga,male,2018/2019,2026-04-05T18:48:38.000000,2026-04-05T18:48:38.000000
11,1,Spain,La Liga,male,2017/2018,2025-07-14T10:01:16.674864,2025-07-14T10:01:16.674864
11,2,Spain,La Liga,male,2016/2017,2025-03-09T16:03:54.962718,2025-03-09T16:03:54.962718
42,352,Spain,La Liga 2,male,2027/2028,,
42,351,Spain,La Liga 2,male,2026/2027,,
42,318,Spain,La Liga 2,male,2025/2026,2026-05-04T17:50:21.967286,2026-05-04T14:10:11.000000
42,317,Spain,La Liga 2,male,2024/2025,2026-02-07T13:48:04.000000,2026-02-07T13:48:04.000000
42,281,Spain,La Liga 2,male,2023/2024,2026-04-15T12:11:48.000000,2026-04-15T12:11:48.000000
42,235,Spain,La Liga 2,male,2022/2023,2026-01-18T21:44:45.000000,2026-01-18T21:44:45.000000
42,108,Spain,La Liga 2,male,2021/2022,2024-09-28T17:52:23.057967,2024-09-28T17:52:23.057967
42,90,Spain,La Liga 2,male,2020/2021,2025-11-02T04:05:49.000000,2025-11-02T04:05:49.000000
42,42,Spain,La Liga 2,male,2019/2020,2024-09-22T08:06:25.798624,2024-09-22T08:06:25.798624
42,4,Spain,La Liga 2,male,2018/2019,2024-12-18T14:01:55.670746,2024-12-18T14:01:55.670746
4,352,England,League One,male,2027/2028,,
4,351,England,League One,male,2026/2027,,
4,318,England,League One,male,2025/2026,2026-05-04T14:10:15.000000,2026-05-04T14:10:15.000000
4,317,England,League One,male,2024/2025,2026-03-05T19:46:21.000000,2026-03-05T19:46:21.000000
4,281,England,League One,male,2023/2024,2026-05-01T08:44:24.000000,2026-05-01T08:44:24.000000
4,235,England,League One,male,2022/2023,2026-05-03T17:14:36.000000,2026-05-03T17:14:36.000000
4,108,England,League One,male,2021/2022,2025-01-29T18:30:15.585229,2025-01-29T18:30:15.585229
4,90,England,League One,male,2020/2021,2025-11-02T01:46:55.000000,2025-11-02T01:46:55.000000
4,42,England,League One,male,2019/2020,2026-03-28T11:24:46.750095,2025-10-07T14:36:54.000000
4,4,England,League One,male,2018/2019,2025-07-14T10:06:08.025161,2025-07-14T10:06:08.025161
4,1,England,League One,male,2017/2018,2026-04-01T16:41:28.000000,2026-04-01T16:41:28.000000
5,352,England,League Two,male,2027/2028,,
5,351,England,League Two,male,2026/2027,,
5,318,England,League Two,male,2025/2026,2026-05-04T19:13:47.448053,2026-05-04T14:22:08.000000
5,317,England,League Two,male,2024/2025,2025-07-21T09:14:53.208236,2025-07-21T09:14:53.208236
5,281,England,League Two,male,2023/2024,2026-05-01T08:43:42.000000,2026-05-01T08:43:42.000000
5,235,England,League Two,male,2022/2023,2026-05-03T17:15:18.000000,2026-05-03T17:15:18.000000
5,108,England,League Two,male,2021/2022,2026-05-04T23:28:06.000000,2026-05-04T23:28:06.000000
5,90,England,League Two,male,2020/2021,2026-03-10T12:49:33.705074,2026-03-03T15:43:01.000000
5,42,England,League Two,male,2019/2020,2026-03-27T23:12:27.708496,2024-08-07T17:50:01.346494
5,4,England,League Two,male,2018/2019,2025-04-23T14:44:00.256729,2025-04-23T14:44:00.256729
102,356,South America,Libertadores,male,2028,,
102,355,South America,Libertadores,male,2027,,
102,316,South America,Libertadores,male,2026,2026-05-04T09:56:00.000000,2026-05-04T09:56:00.000000
102,315,South America,Libertadores,male,2025,2026-04-27T06:04:48.000000,2026-04-27T06:04:48.000000
102,282,South America,Libertadores,male,2024,2026-04-17T07:38:09.535754,2026-04-06T20:47:55.000000
102,107,South America,Libertadores,male,2023,2026-05-03T01:17:18.000000,2026-05-03T01:17:18.000000
102,106,South America,Libertadores,male,2022,2026-05-04T22:38:36.000000,2026-05-04T22:38:36.000000
102,91,South America,Libertadores,male,2021,2026-04-17T07:38:09.535754,2025-04-23T14:50:20.750938
1350,352,Mexico,Liga Expansion MX,male,2027/2028,,
1350,351,Mexico,Liga Expansion MX,male,2026/2027,,
1350,318,Mexico,Liga Expansion MX,male,2025/2026,2026-05-04T10:39:41.192355,2026-05-02T22:16:16.000000
1350,317,Mexico,Liga Expansion MX,male,2024/2025,2026-04-07T11:29:11.000000,2026-04-07T11:29:11.000000
1350,281,Mexico,Liga Expansion MX,male,2023/2024,2024-09-29T03:33:44.926935,2024-09-29T03:33:44.926935
1350,235,Mexico,Liga Expansion MX,male,2022/2023,2024-09-28T18:00:14.943367,2024-09-28T18:00:14.943367
349,352,Romania,Liga I,male,2027/2028,,
349,351,Romania,Liga I,male,2026/2027,,
349,318,Romania,Liga I,male,2025/2026,2026-05-04T23:03:04.256979,2026-05-04T13:52:17.000000
349,317,Romania,Liga I,male,2024/2025,2026-04-15T11:51:45.616048,2026-03-26T16:36:22.000000
349,281,Romania,Liga I,male,2023/2024,2026-04-15T11:51:45.616048,2024-11-08T19:58:43.745588
349,235,Romania,Liga I,male,2022/2023,2026-04-15T11:51:45.616048,2026-04-14T14:49:12.000000
349,108,Romania,Liga I,male,2021/2022,2026-05-04T22:23:02.000000,2026-05-04T22:23:02.000000
73,352,Mexico,Liga MX,male,2027/2028,,
73,351,Mexico,Liga MX,male,2026/2027,,
73,318,Mexico,Liga MX,male,2025/2026,2026-05-04T21:34:11.000000,2026-05-04T21:34:11.000000
73,317,Mexico,Liga MX,male,2024/2025,2026-04-06T11:30:41.585164,2025-10-27T16:08:14.000000
73,281,Mexico,Liga MX,male,2023/2024,2026-04-06T11:30:41.585164,2024-12-20T23:40:31.103974
73,235,Mexico,Liga MX,male,2022/2023,2026-04-15T10:18:23.000000,2026-04-15T10:18:23.000000
73,108,Mexico,Liga MX,male,2021/2022,2026-04-06T11:30:41.585164,2026-03-13T13:02:37.000000
73,90,Mexico,Liga MX,male,2020/2021,2026-04-06T11:30:41.585164,2026-03-05T23:44:03.000000
73,42,Mexico,Liga MX,male,2019/2020,2026-04-06T11:30:41.585164,2024-03-10T11:22:46.475784
105,356,Ecuador,Liga Pro,male,2028,,
105,355,Ecuador,Liga Pro,male,2027,,
105,316,Ecuador,Liga Pro,male,2026,2026-05-04T21:49:28.000000,2026-05-04T21:49:28.000000
105,315,Ecuador,Liga Pro,male,2025,2026-04-07T21:02:03.584447,2026-04-01T16:30:36.000000
105,282,Ecuador,Liga Pro,male,2024,2026-04-15T12:57:15.000000,2026-04-15T12:57:15.000000
105,107,Ecuador,Liga Pro,male,2023,2024-09-28T14:23:42.266248,2024-09-28T14:23:42.266248
105,106,Ecuador,Liga Pro,male,2022,2026-05-03T13:18:19.000000,2026-05-03T13:18:19.000000
105,91,Ecuador,Liga Pro,male,2021,2026-03-13T11:32:33.000000,2026-03-13T11:32:33.000000
105,43,Ecuador,Liga Pro,male,2020,2026-03-13T11:33:08.000000,2026-03-13T11:33:08.000000
81,356,Argentina,Liga Profesional,male,2028,,
81,355,Argentina,Liga Profesional,male,2027,,
81,316,Argentina,Liga Profesional,male,2026,2026-05-04T23:39:24.000000,2026-05-04T23:39:24.000000
81,315,Argentina,Liga Profesional,male,2025,2026-04-15T15:35:40.000000,2026-04-15T15:35:40.000000
81,282,Argentina,Liga Profesional,male,2024,2026-05-01T09:06:24.000000,2026-05-01T09:06:24.000000
81,107,Argentina,Liga Profesional,male,2023,2026-04-15T10:21:57.000000,2026-04-15T10:21:57.000000
81,106,Argentina,Liga Profesional,male,2022,2026-04-07T23:09:16.000000,2026-04-07T23:09:16.000000
81,91,Argentina,Liga Profesional,male,2021,2026-04-14T14:28:26.000000,2026-04-14T14:28:26.000000
81,90,Argentina,Liga Profesional,male,2020/2021,2026-04-07T21:54:59.000000,2026-04-07T21:54:59.000000
81,42,Argentina,Liga Profesional,male,2019/2020,2026-04-07T18:27:57.000000,2026-04-07T18:27:57.000000
7,352,France,Ligue 1,male,2027/2028,,
7,351,France,Ligue 1,male,2026/2027,,
7,318,France,Ligue 1,male,2025/2026,2026-05-04T22:45:28.000000,2026-05-04T22:45:28.000000
7,317,France,Ligue 1,male,2024/2025,2026-04-07T09:01:52.000000,2026-04-07T09:01:52.000000
7,281,France,Ligue 1,male,2023/2024,2026-04-06T15:03:03.000000,2026-04-06T15:03:03.000000
7,235,France,Ligue 1,male,2022/2023,2026-04-06T14:31:35.000000,2026-04-06T14:31:35.000000
7,108,France,Ligue 1,male,2021/2022,2026-04-25T15:00:50.000000,2026-04-25T15:00:50.000000
7,90,France,Ligue 1,male,2020/2021,2026-04-07T21:16:24.000000,2026-04-07T21:16:24.000000
7,42,France,Ligue 1,male,2019/2020,2026-04-07T18:30:28.000000,2026-04-07T18:30:28.000000
7,4,France,Ligue 1,male,2018/2019,2026-04-14T12:10:56.000000,2026-04-14T12:10:56.000000
7,1,France,Ligue 1,male,2017/2018,2026-04-07T16:14:55.000000,2026-04-07T16:14:55.000000
7,2,France,Ligue 1,male,2016/2017,2026-04-07T16:21:20.000000,2026-04-07T16:21:20.000000
8,352,France,Ligue 2,male,2027/2028,,
8,351,France,Ligue 2,male,2026/2027,,
8,318,France,Ligue 2,male,2025/2026,2026-05-04T17:09:45.000000,2026-05-04T17:09:45.000000
8,317,France,Ligue 2,male,2024/2025,2026-04-15T13:30:51.000000,2026-04-15T13:30:51.000000
8,281,France,Ligue 2,male,2023/2024,2026-04-15T11:49:20.000000,2026-04-15T11:49:20.000000
8,235,France,Ligue 2,male,2022/2023,2026-04-14T15:41:34.000000,2026-04-14T15:41:34.000000
8,108,France,Ligue 2,male,2021/2022,2026-04-08T01:05:33.000000,2026-04-08T01:05:33.000000
8,90,France,Ligue 2,male,2020/2021,2026-04-07T21:32:07.000000,2026-04-07T21:32:07.000000
8,42,France,Ligue 2,male,2019/2020,2026-04-14T12:16:01.000000,2026-04-14T12:16:01.000000
8,4,France,Ligue 2,male,2018/2019,2025-07-14T10:10:47.130415,2025-07-14T10:10:47.130415
8,1,France,Ligue 2,male,2017/2018,2026-04-14T12:13:31.000000,2026-04-14T12:13:31.000000
1284,356,USA,MLS Next Pro,male,2028,,
1284,355,USA,MLS Next Pro,male,2027,,
1284,316,USA,MLS Next Pro,male,2026,2026-05-04T23:55:45.000000,2026-05-04T23:55:45.000000
1284,315,USA,MLS Next Pro,male,2025,2026-04-23T21:37:05.482598,2026-02-14T12:28:17.000000
1284,282,USA,MLS Next Pro,male,2024,2025-10-23T17:39:18.363822,2025-09-21T01:46:06.128120
1284,107,USA,MLS Next Pro,male,2023,2025-09-21T01:30:34.198177,2025-09-21T01:30:34.198177
1284,106,USA,MLS Next Pro,male,2022,2024-10-14T16:58:38.462814,2024-10-14T16:58:38.462814
44,356,USA,Major League Soccer,male,2028,,
44,355,USA,Major League Soccer,male,2027,,
44,316,USA,Major League Soccer,male,2026,2026-05-04T18:20:09.000000,2026-05-04T18:20:09.000000
44,315,USA,Major League Soccer,male,2025,2026-04-23T21:37:05.482598,2026-04-15T14:52:55.000000
44,282,USA,Major League Soccer,male,2024,2026-04-23T21:37:05.482598,2025-09-20T21:41:42.623878
44,107,USA,Major League Soccer,male,2023,2026-04-23T21:37:05.482598,2026-02-05T11:56:04.000000
44,106,USA,Major League Soccer,male,2022,2026-04-23T21:37:05.482598,2024-09-29T17:52:23.538909
44,91,USA,Major League Soccer,male,2021,2026-04-23T21:37:05.482598,2025-11-02T00:22:00.000000
44,43,USA,Major League Soccer,male,2020,2026-04-23T21:37:05.482598,2025-07-14T10:03:51.708619
44,30,USA,Major League Soccer,male,2019,2026-04-23T21:37:05.482598,2025-06-15T12:47:03.719685
44,3,USA,Major League Soccer,male,2018,2026-04-23T21:37:05.482598,2025-07-14T10:02:34.257004
1522,352,Hungary,NB I,male,2027/2028,,
1522,351,Hungary,NB I,male,2026/2027,,
1522,318,Hungary,NB I,male,2025/2026,2026-05-04T21:25:27.000000,2026-05-04T21:25:27.000000
1522,317,Hungary,NB I,male,2024/2025,2026-04-07T10:09:17.000000,2026-04-07T10:09:17.000000
1522,281,Hungary,NB I,male,2023/2024,2026-04-15T11:53:39.000000,2026-04-15T11:53:39.000000
1594,318,International,Netherlands Friendlies: AZ,male,2025/2026,2026-04-08T11:07:27.759252,2026-02-22T14:48:12.000000
1594,317,International,Netherlands Friendlies: AZ,male,2024/2025,2026-04-28T11:38:05.164658,2026-03-23T15:48:05.000000
1594,281,International,Netherlands Friendlies: AZ,male,2023/2024,2024-09-28T20:03:11.963193,2024-09-28T20:03:11.963193
1442,356,Norway,OBOS-ligaen,male,2028,,
1442,355,Norway,OBOS-ligaen,male,2027,,
1442,316,Norway,OBOS-ligaen,male,2026,2026-05-04T15:06:03.000000,2026-05-04T15:06:03.000000
1442,315,Norway,OBOS-ligaen,male,2025,2026-01-29T19:41:10.000000,2026-01-29T19:41:10.000000
1442,282,Norway,OBOS-ligaen,male,2024,2025-12-09T14:22:53.626208,2025-01-06T22:24:07.226571
1442,107,Norway,OBOS-ligaen,male,2023,2026-04-07T23:58:00.000000,2026-04-07T23:58:00.000000
1264,91,Paraguay,Play-Offs 1/2,male,2021,2022-02-27T16:28:53.173172,2022-02-27T16:28:53.173172
1266,91,Chile,Play-Offs 1/2,male,2021,2026-04-07T22:59:42.134515,
218,356,Finland,Play-offs 1/2,male,2028,,
1342,352,Russia,Play-offs 1/2,male,2027/2028,,
283,352,Netherlands,Play-offs 1/2,male,2027/2028,,
1341,352,Serbia,Play-offs 1/2,male,2027/2028,,
1338,352,Scotland,Play-offs 1/2,male,2027/2028,,
1337,352,Czech Republic,Play-offs 1/2,male,2027/2028,,
295,352,Portugal,Play-offs 1/2,male,2027/2028,,
125,352,Switzerland,Play-offs 1/2,male,2027/2028,,
1340,352,Romania,Play-offs 1/2,male,2027/2028,,
218,355,Finland,Play-offs 1/2,male,2027,,
1338,351,Scotland,Play-offs 1/2,male,2026/2027,,
1341,351,Serbia,Play-offs 1/2,male,2026/2027,,
283,351,Netherlands,Play-offs 1/2,male,2026/2027,,
1337,351,Czech Republic,Play-offs 1/2,male,2026/2027,,
295,351,Portugal,Play-offs 1/2,male,2026/2027,,
1340,351,Romania,Play-offs 1/2,male,2026/2027,,
125,351,Switzerland,Play-offs 1/2,male,2026/2027,,
1342,351,Russia,Play-offs 1/2,male,2026/2027,,
218,316,Finland,Play-offs 1/2,male,2026,,
125,318,Switzerland,Play-offs 1/2,male,2025/2026,,
295,318,Portugal,Play-offs 1/2,male,2025/2026,,
1340,318,Romania,Play-offs 1/2,male,2025/2026,,
1341,318,Serbia,Play-offs 1/2,male,2025/2026,,
283,318,Netherlands,Play-offs 1/2,male,2025/2026,2026-05-04T19:28:29.000000,2026-05-04T19:28:29.000000
1483,318,Ukraine,Play-offs 1/2,male,2025/2026,,
1337,318,Czech Republic,Play-offs 1/2,male,2025/2026,,
1338,318,Scotland,Play-offs 1/2,male,2025/2026,2026-05-02T15:06:20.222034,
1342,318,Russia,Play-offs 1/2,male,2025/2026,,
218,315,Finland,Play-offs 1/2,male,2025,2026-04-06T20:30:35.000000,2026-04-06T20:30:35.000000
1483,317,Ukraine,Play-offs 1/2,male,2024/2025,2025-06-22T21:54:00.737224,2025-06-22T21:54:00.737224
283,317,Netherlands,Play-offs 1/2,male,2024/2025,2025-06-22T15:32:23.309614,2025-06-22T15:32:23.309614
1341,317,Serbia,Play-offs 1/2,male,2024/2025,2025-06-23T16:22:02.919336,2025-06-23T16:22:02.919336
295,317,Portugal,Play-offs 1/2,male,2024/2025,2025-06-05T07:43:42.408879,2025-06-05T07:43:42.408879
1338,317,Scotland,Play-offs 1/2,male,2024/2025,2025-05-27T07:01:35.417371,2025-05-27T07:01:35.417371
1337,317,Czech Republic,Play-offs 1/2,male,2024/2025,2025-06-21T17:07:23.705304,2025-06-21T17:07:23.705304
1342,317,Russia,Play-offs 1/2,male,2024/2025,2025-06-16T14:45:41.572902,2025-06-16T14:45:41.572902
1340,317,Romania,Play-offs 1/2,male,2024/2025,2025-06-20T16:26:09.683749,2025-06-20T16:26:09.683749
125,317,Switzerland,Play-offs 1/2,male,2024/2025,2025-06-18T12:41:04.930786,2025-06-18T12:41:04.930786
231,282,Norway,Play-offs 1/2,male,2024,2025-01-16T02:13:57.901796,2025-01-16T02:13:57.901796
218,282,Finland,Play-offs 1/2,male,2024,2024-10-30T00:30:01.891630,2024-10-30T00:30:01.891630
1601,282,Bolivia,Play-offs 1/2,male,2024,2025-05-11T09:57:07.225327,
226,282,Sweden,Play-offs 1/2,male,2024,2025-01-13T14:46:12.428235,2025-01-13T14:46:12.428235
1483,281,Ukraine,Play-offs 1/2,male,2023/2024,2026-04-28T20:34:29.575701,2024-08-06T04:36:40.255915
125,281,Switzerland,Play-offs 1/2,male,2023/2024,2024-06-02T07:03:15.846579,2024-06-02T07:03:15.846579
1342,281,Russia,Play-offs 1/2,male,2023/2024,2026-04-28T20:13:51.000000,2026-04-28T20:13:51.000000
1341,281,Serbia,Play-offs 1/2,male,2023/2024,2024-10-06T10:05:10.423961,2024-10-06T10:05:10.423961
1340,281,Romania,Play-offs 1/2,male,2023/2024,2024-06-24T03:53:19.696862,2024-06-24T03:53:19.696862
286,281,Slovakia,Play-offs 1/2,male,2023/2024,2026-04-28T20:24:44.000000,2026-04-28T20:24:44.000000
283,281,Netherlands,Play-offs 1/2,male,2023/2024,2024-07-22T13:29:31.707187,2024-07-22T13:29:31.707187
1338,281,Scotland,Play-offs 1/2,male,2023/2024,2024-05-27T08:38:25.596024,2024-05-27T08:38:25.596024
295,281,Portugal,Play-offs 1/2,male,2023/2024,2024-06-09T13:13:32.456567,2024-06-09T13:13:32.456567
1337,281,Czech Republic,Play-offs 1/2,male,2023/2024,2026-04-28T19:16:38.000000,2026-04-28T19:16:38.000000
231,107,Norway,Play-offs 1/2,male,2023,2024-02-13T11:47:21.164095,2024-02-13T11:47:21.164095
219,107,Republic of Ireland,Play-offs 1/2,male,2023,2024-02-13T15:06:56.115534,2024-02-13T15:06:56.115534
1601,107,Bolivia,Play-offs 1/2,male,2023,2025-01-27T14:02:51.799799,2025-01-27T14:02:51.799799
1259,107,Korea Republic,Play-offs 1/2,male,2023,2025-01-22T08:25:22.693613,2025-01-22T08:25:22.693613
226,107,Sweden,Play-offs 1/2,male,2023,2024-05-26T08:07:32.848466,2024-05-26T08:07:32.848466
218,107,Finland,Play-offs 1/2,male,2023,2024-06-11T17:49:38.150936,2024-06-11T17:49:38.150936
1483,235,Ukraine,Play-offs 1/2,male,2022/2023,2023-07-29T00:48:54.173815,2023-07-29T00:48:54.173815
295,235,Portugal,Play-offs 1/2,male,2022/2023,2024-03-10T13:48:09.807585,2024-03-10T13:48:09.807585
1341,235,Serbia,Play-offs 1/2,male,2022/2023,2025-06-16T12:25:11.529531,2025-06-16T12:25:11.529531
1342,235,Russia,Play-offs 1/2,male,2022/2023,2023-06-18T13:11:30.210623,2023-06-18T13:11:30.210623
1338,235,Scotland,Play-offs 1/2,male,2022/2023,2024-02-13T09:08:35.543838,2024-02-13T09:08:35.543838
1340,235,Romania,Play-offs 1/2,male,2022/2023,2024-09-28T18:02:14.793299,2024-09-28T18:02:14.793299
286,235,Slovakia,Play-offs 1/2,male,2022/2023,2024-02-13T14:24:12.318321,2024-02-13T14:24:12.318321
125,235,Switzerland,Play-offs 1/2,male,2022/2023,2023-06-18T23:47:19.440934,2023-06-18T23:47:19.440934
283,235,Netherlands,Play-offs 1/2,male,2022/2023,2023-10-14T08:25:28.185266,2023-10-14T08:25:28.185266
219,106,Republic of Ireland,Play-offs 1/2,male,2022,2024-02-13T13:48:19.490546,2024-02-13T13:48:19.490546
226,106,Sweden,Play-offs 1/2,male,2022,2026-05-03T16:22:37.000000,2026-05-03T16:22:37.000000
218,106,Finland,Play-offs 1/2,male,2022,2026-04-07T23:34:05.000000,2026-04-07T23:34:05.000000
1249,106,Peru,Play-offs 1/2,male,2022,2026-05-03T16:08:27.869814,2024-02-13T13:51:14.018432
1259,106,Korea Republic,Play-offs 1/2,male,2022,2024-02-13T11:09:52.582657,2024-02-13T11:09:52.582657
231,106,Norway,Play-offs 1/2,male,2022,2024-02-13T11:08:43.234757,2024-02-13T11:08:43.234757
1426,106,Japan,Play-offs 1/2,male,2022,2024-02-13T13:47:20.684286,2024-02-13T13:47:20.684286
274,108,Belgium,Play-offs 1/2,male,2021/2022,2022-05-21T16:28:31.351112,2022-05-21T16:28:31.351112
1338,108,Scotland,Play-offs 1/2,male,2021/2022,2024-02-13T13:21:47.729915,2024-02-13T13:21:47.729915
292,108,France,Play-offs 1/2,male,2021/2022,2022-11-26T13:21:02.597369,2022-11-26T13:21:02.597369
1341,108,Serbia,Play-offs 1/2,male,2021/2022,2026-05-04T22:20:50.000000,2026-05-04T22:20:50.000000
125,108,Switzerland,Play-offs 1/2,male,2021/2022,2024-02-13T08:26:32.877062,2024-02-13T08:26:32.877062
286,108,Slovakia,Play-offs 1/2,male,2021/2022,2026-05-04T22:38:14.453039,
1340,108,Romania,Play-offs 1/2,male,2021/2022,2026-05-04T22:41:57.000000,2026-05-04T22:41:57.000000
295,108,Portugal,Play-offs 1/2,male,2021/2022,2024-02-13T08:22:38.887624,2024-02-13T08:22:38.887624
1342,108,Russia,Play-offs 1/2,male,2021/2022,2023-03-30T18:18:10.705978,2023-03-30T18:18:10.705978
283,108,Netherlands,Play-offs 1/2,male,2021/2022,2023-02-23T00:08:56.262734,2023-02-23T00:08:56.262734
231,91,Norway,Play-offs 1/2,male,2021,2022-12-01T20:07:33.706954,2022-12-01T20:07:33.706954
1259,91,Korea Republic,Play-offs 1/2,male,2021,2021-12-31T16:08:31.767636,2021-12-31T16:08:31.767636
226,91,Sweden,Play-offs 1/2,male,2021,2022-02-03T23:10:08.600866,2022-02-03T23:10:08.600866
219,91,Republic of Ireland,Play-offs 1/2,male,2021,2022-01-03T13:12:20.661093,2022-01-03T13:12:20.661093
1249,91,Peru,Play-offs 1/2,male,2021,2024-02-13T07:45:27.101757,2024-02-13T07:45:27.101757
218,91,Finland,Play-offs 1/2,male,2021,2026-03-17T13:51:56.000000,2026-03-17T13:51:56.000000
283,90,Netherlands,Play-offs 1/2,male,2020/2021,2022-12-01T18:09:07.832776,2022-12-01T18:09:07.832776
130,90,Greece,Play-offs 1/2,male,2020/2021,2022-11-17T12:32:21.501563,2022-11-17T12:32:21.501563
292,90,France,Play-offs 1/2,male,2020/2021,2021-09-25T22:24:51.410722,2021-09-25T22:24:51.410722
274,90,Belgium,Play-offs 1/2,male,2020/2021,2021-05-28T22:32:05.485000,2021-05-28T22:32:05.485000
125,90,Switzerland,Play-offs 1/2,male,2020/2021,2022-06-19T12:11:18.322105,2022-06-19T12:11:18.322105
295,90,Portugal,Play-offs 1/2,male,2020/2021,2021-07-26T16:22:47.323000,2021-07-26T16:22:47.323000
286,90,Slovakia,Play-offs 1/2,male,2020/2021,2022-11-11T21:50:16.906480,2022-11-11T21:50:16.906480
226,43,Sweden,Play-offs 1/2,male,2020,2022-07-29T12:41:36.490205,2022-07-29T12:41:36.490205
231,43,Norway,Play-offs 1/2,male,2020,2021-11-05T21:23:44.193695,2021-11-05T21:23:44.193695
219,43,Republic of Ireland,Play-offs 1/2,male,2020,2023-04-19T10:56:45.391610,2023-04-19T10:56:45.391610
218,43,Finland,Play-offs 1/2,male,2020,2026-04-07T21:11:59.000000,2026-04-07T21:11:59.000000
125,42,Switzerland,Play-offs 1/2,male,2019/2020,2022-07-06T16:38:51.711044,2022-07-06T16:38:51.711044
130,42,Greece,Play-offs 1/2,male,2019/2020,2022-12-01T12:09:43.759001,2022-12-01T12:09:43.759001
1595,352,Norway,Play-offs 2/3,male,2027/2028,,
1339,352,Portugal,Play-offs 2/3,male,2027/2028,,
1339,351,Portugal,Play-offs 2/3,male,2026/2027,,
1595,351,Norway,Play-offs 2/3,male,2026/2027,,
1595,318,Norway,Play-offs 2/3,male,2025/2026,,
1339,318,Portugal,Play-offs 2/3,male,2025/2026,,
1595,315,Norway,Play-offs 2/3,male,2025,2025-12-05T00:40:38.000000,2025-12-05T00:40:38.000000
1339,317,Portugal,Play-offs 2/3,male,2024/2025,2025-06-16T01:53:11.786135,2025-06-16T01:53:11.786135
1595,282,Norway,Play-offs 2/3,male,2024,2024-12-04T22:05:36.052268,2024-12-04T22:05:36.052268
1339,281,Portugal,Play-offs 2/3,male,2023/2024,2024-06-08T23:43:56.235467,2024-06-08T23:43:56.235467
1256,107,Sweden,Play-offs 2/3,male,2023,2024-03-10T11:26:14.133451,2024-03-10T11:26:14.133451
1595,107,Norway,Play-offs 2/3,male,2023,2025-01-06T17:09:12.596542,2025-01-06T17:09:12.596542
1339,235,Portugal,Play-offs 2/3,male,2022/2023,2023-06-19T12:36:17.304823,2023-06-19T12:36:17.304823
1480,235,Switzerland,Play-offs 2/3,male,2022/2023,2023-05-28T12:25:42.115830,
1256,106,Sweden,Play-offs 2/3,male,2022,2023-04-16T15:06:34.714962,2023-04-16T15:06:34.714962
280,108,France,Play-offs 2/3,male,2021/2022,2024-02-13T08:17:33.833877,2024-02-13T08:17:33.833877
1339,108,Portugal,Play-offs 2/3,male,2021/2022,2024-02-13T10:23:49.180799,2024-02-13T10:23:49.180799
1256,91,Sweden,Play-offs 2/3,male,2021,2025-04-23T14:08:02.599170,2025-04-23T14:08:02.599170
280,90,France,Play-offs 2/3,male,2020/2021,2021-05-28T21:37:25.215000,2021-05-28T21:37:25.215000
107,356,Republic of Ireland,Premier Division,male,2028,,
107,355,Republic of Ireland,Premier Division,male,2027,,
107,316,Republic of Ireland,Premier Division,male,2026,2026-05-04T23:29:18.787835,2026-05-03T20:54:53.000000
107,315,Republic of Ireland,Premier Division,male,2025,2026-04-05T15:58:21.197080,2026-01-22T04:14:33.000000
107,282,Republic of Ireland,Premier Division,male,2024,2026-04-05T15:58:21.197080,2025-09-28T09:06:20.000000
107,107,Republic of Ireland,Premier Division,male,2023,2026-04-05T15:58:21.197080,2025-12-15T11:18:19.000000
107,106,Republic of Ireland,Premier Division,male,2022,2026-04-05T15:58:21.197080,2024-09-29T12:27:18.404647
107,91,Republic of Ireland,Premier Division,male,2021,2026-04-05T15:58:21.197080,2025-04-23T14:20:55.862237
107,43,Republic of Ireland,Premier Division,male,2020,2024-03-10T11:39:17.470810,2024-03-10T11:39:17.470810
128,352,Russia,Premier League,male,2027/2028,,
132,352,Ukraine,Premier League,male,2027/2028,,
128,351,Russia,Premier League,male,2026/2027,,
132,351,Ukraine,Premier League,male,2026/2027,,
2,351,England,Premier League,male,2026/2027,,
2,318,England,Premier League,male,2025/2026,2026-05-04T23:57:16.000000,2026-05-04T23:57:16.000000
128,318,Russia,Premier League,male,2025/2026,2026-05-04T23:19:50.000000,2026-05-04T23:19:50.000000
132,318,Ukraine,Premier League,male,2025/2026,2026-05-04T20:49:31.000000,2026-05-04T20:49:31.000000
2,317,England,Premier League,male,2024/2025,2026-01-22T03:16:15.000000,2026-01-22T03:16:15.000000
132,317,Ukraine,Premier League,male,2024/2025,2026-04-15T14:28:29.000000,2026-04-15T14:28:29.000000
128,317,Russia,Premier League,male,2024/2025,2026-01-22T14:22:51.000000,2026-01-22T14:22:51.000000
2,281,England,Premier League,male,2023/2024,2025-12-16T17:11:51.000000,2025-12-16T17:11:51.000000
132,281,Ukraine,Premier League,male,2023/2024,2026-04-15T11:51:30.000000,2026-04-15T11:51:30.000000
128,281,Russia,Premier League,male,2023/2024,2024-12-20T23:41:01.358532,2024-12-20T23:41:01.358532
128,235,Russia,Premier League,male,2022/2023,2024-09-28T17:58:02.805915,2024-09-28T17:58:02.805915
2,235,England,Premier League,male,2022/2023,2025-12-17T11:59:19.000000,2025-12-17T11:59:19.000000
132,235,Ukraine,Premier League,male,2022/2023,2026-04-06T08:28:07.541515,2025-12-29T08:34:31.000000
2,108,England,Premier League,male,2021/2022,2026-04-14T14:31:36.000000,2026-04-14T14:31:36.000000
132,108,Ukraine,Premier League,male,2021/2022,2026-04-06T08:28:07.541515,2025-04-23T14:24:37.755373
128,108,Russia,Premier League,male,2021/2022,2025-04-23T14:00:31.698086,2025-04-23T14:00:31.698086
132,90,Ukraine,Premier League,male,2020/2021,2026-04-14T13:19:11.000000,2026-04-14T13:19:11.000000
2,90,England,Premier League,male,2020/2021,2025-12-17T11:57:33.000000,2025-12-17T11:57:33.000000
128,90,Russia,Premier League,male,2020/2021,2024-08-05T15:51:59.761952,2024-08-05T15:51:59.761952
2,42,England,Premier League,male,2019/2020,2025-12-16T16:40:48.000000,2025-12-16T16:40:48.000000
2,4,England,Premier League,male,2018/2019,2026-04-05T18:35:19.000000,2026-04-05T18:35:19.000000
2,1,England,Premier League,male,2017/2018,2026-04-11T22:37:10.176710,2025-12-16T16:33:09.000000
2,2,England,Premier League,male,2016/2017,2025-12-16T16:46:17.000000,2025-12-16T16:46:17.000000
51,352,Scotland,Premiership,male,2027/2028,,
51,351,Scotland,Premiership,male,2026/2027,,
51,318,Scotland,Premiership,male,2025/2026,2026-05-04T15:56:11.979605,2026-05-04T15:49:37.000000
51,317,Scotland,Premiership,male,2024/2025,2026-04-11T22:57:25.442535,2025-06-27T02:22:26.131097
51,281,Scotland,Premiership,male,2023/2024,2026-04-11T22:57:25.442535,2026-03-06T00:07:41.000000
51,235,Scotland,Premiership,male,2022/2023,2026-04-11T22:57:25.442535,2024-09-17T04:29:51.373735
51,108,Scotland,Premiership,male,2021/2022,2026-04-11T22:57:25.442535,2025-04-23T14:43:34.595738
51,90,Scotland,Premiership,male,2020/2021,2025-04-23T14:38:14.916245,2025-04-23T14:38:14.916245
51,42,Scotland,Premiership,male,2019/2020,2026-04-11T22:57:25.442535,2024-08-07T17:20:13.992043
51,4,Scotland,Premiership,male,2018/2019,2026-04-11T22:57:25.442535,2025-11-02T03:57:17.000000
13,352,Portugal,Primeira Liga,male,2027/2028,,
13,351,Portugal,Primeira Liga,male,2026/2027,,
13,318,Portugal,Primeira Liga,male,2025/2026,2026-05-04T22:13:17.000000,2026-05-04T22:13:17.000000
13,317,Portugal,Primeira Liga,male,2024/2025,2026-02-19T18:25:07.000000,2026-02-19T18:25:07.000000
13,281,Portugal,Primeira Liga,male,2023/2024,2025-01-13T19:17:32.792586,2025-01-13T19:17:32.792586
13,235,Portugal,Primeira Liga,male,2022/2023,2025-01-15T05:31:48.031224,2025-01-15T05:31:48.031224
13,108,Portugal,Primeira Liga,male,2021/2022,2025-04-23T14:44:31.239648,2025-04-23T14:44:31.239648
13,90,Portugal,Primeira Liga,male,2020/2021,2025-11-01T23:41:28.000000,2025-11-01T23:41:28.000000
13,42,Portugal,Primeira Liga,male,2019/2020,2025-05-08T15:14:09.976795,2025-05-08T15:14:09.976795
13,4,Portugal,Primeira Liga,male,2018/2019,2025-05-08T15:15:52.519714,2025-05-08T15:15:52.519714
74,356,Colombia,Primera A,male,2028,,
74,355,Colombia,Primera A,male,2027,,
74,316,Colombia,Primera A,male,2026,2026-05-04T13:33:42.679849,2026-05-02T23:17:25.000000
74,315,Colombia,Primera A,male,2025,2026-04-15T14:48:10.000000,2026-04-15T14:48:10.000000
74,282,Colombia,Primera A,male,2024,2025-08-30T16:36:18.929514,2025-08-30T16:36:18.929514
74,107,Colombia,Primera A,male,2023,2025-05-19T09:06:24.906965,2025-05-19T09:06:24.906965
74,106,Colombia,Primera A,male,2022,2025-08-30T16:20:35.101656,2025-08-30T16:20:35.101656
74,91,Colombia,Primera A,male,2021,2026-01-21T13:16:19.000000,2026-01-21T13:16:19.000000
74,43,Colombia,Primera A,male,2020,2024-08-06T12:19:21.509562,2024-08-06T12:19:21.509562
74,30,Colombia,Primera A,male,2019,2024-05-16T14:01:26.593148,2024-05-16T14:01:26.593148
111,356,Uruguay,Primera División,male,2028,,
103,356,Chile,Primera División,male,2028,,
97,356,Peru,Primera División,male,2028,,
97,355,Peru,Primera División,male,2027,,
103,355,Chile,Primera División,male,2027,,
111,355,Uruguay,Primera División,male,2027,,
1481,316,Bolivia,Primera División,male,2026,2026-05-04T03:39:00.055314,2026-05-03T00:05:58.000000
103,316,Chile,Primera División,male,2026,2026-05-04T03:49:20.234351,2026-04-30T00:56:46.000000
97,316,Peru,Primera División,male,2026,2026-05-04T23:49:31.000000,2026-05-04T23:49:31.000000
1612,316,Venezuela,Primera División,male,2026,2026-05-04T07:41:02.457017,2026-05-03T22:34:02.000000
111,316,Uruguay,Primera División,male,2026,2026-05-04T23:00:01.726187,2026-05-04T16:26:01.000000
1481,315,Bolivia,Primera División,male,2025,2026-01-08T19:28:10.000000,2026-01-08T19:28:10.000000
97,315,Peru,Primera División,male,2025,2026-01-19T16:17:45.000000,2026-01-19T16:17:45.000000
111,315,Uruguay,Primera División,male,2025,2026-04-27T10:52:54.000000,2026-04-27T10:52:54.000000
1612,315,Venezuela,Primera División,male,2025,2026-04-19T18:04:30.000000,2026-04-19T18:04:30.000000
103,315,Chile,Primera División,male,2025,2026-02-17T14:50:21.000000,2026-02-17T14:50:21.000000
111,282,Uruguay,Primera División,male,2024,2025-06-15T12:50:29.316508,2025-06-15T12:50:29.316508
1612,282,Venezuela,Primera División,male,2024,2025-08-30T16:42:08.567456,2025-08-30T16:42:08.567456
1481,282,Bolivia,Primera División,male,2024,2025-05-19T09:08:37.609422,2025-05-19T09:08:37.609422
97,282,Peru,Primera División,male,2024,2026-03-06T00:04:35.000000,2026-03-06T00:04:35.000000
103,282,Chile,Primera División,male,2024,2026-04-15T12:49:45.000000,2026-04-15T12:49:45.000000
1481,107,Bolivia,Primera División,male,2023,2025-01-29T00:33:39.997518,2025-01-29T00:33:39.997518
97,107,Peru,Primera División,male,2023,2025-05-16T09:34:36.778105,2025-05-16T09:34:36.778105
111,107,Uruguay,Primera División,male,2023,2024-12-20T13:56:18.801539,2024-12-20T13:56:18.801539
103,107,Chile,Primera División,male,2023,2026-04-07T23:51:01.000000,2026-04-07T23:51:01.000000
97,106,Peru,Primera División,male,2022,2026-05-03T16:11:38.000000,2026-05-03T16:11:38.000000
103,106,Chile,Primera División,male,2022,2024-09-29T17:56:21.635037,2024-09-29T17:56:21.635037
111,106,Uruguay,Primera División,male,2022,2025-11-24T22:26:14.000000,2025-11-24T22:26:14.000000
97,91,Peru,Primera División,male,2021,2025-04-23T14:49:25.809446,2025-04-23T14:49:25.809446
103,91,Chile,Primera División,male,2021,2025-07-22T09:39:24.973968,2025-07-22T09:39:24.973968
111,91,Uruguay,Primera División,male,2021,2025-04-23T14:22:41.392072,2025-04-23T14:22:41.392072
111,43,Uruguay,Primera División,male,2020,2025-04-23T14:36:44.019386,2025-04-23T14:36:44.019386
103,43,Chile,Primera División,male,2020,2024-12-15T20:32:07.544587,2024-12-15T20:32:07.544587
97,43,Peru,Primera División,male,2020,2025-04-23T14:32:25.877868,2025-04-23T14:32:25.877868
1408,352,Spain,Primera División RFEF,male,2027/2028,,
1408,351,Spain,Primera División RFEF,male,2026/2027,,
1408,318,Spain,Primera División RFEF,male,2025/2026,2026-05-04T15:25:36.000000,2026-05-04T15:25:36.000000
1408,317,Spain,Primera División RFEF,male,2024/2025,2025-12-10T14:41:04.000000,2025-12-10T14:41:04.000000
1408,281,Spain,Primera División RFEF,male,2023/2024,2026-04-15T12:19:17.000000,2026-04-15T12:19:17.000000
1408,235,Spain,Primera División RFEF,male,2022/2023,2025-06-15T12:56:15.404077,2025-06-15T12:56:15.404077
1616,356,Argentina,Primera Nacional,male,2028,,
1616,355,Argentina,Primera Nacional,male,2027,,
1616,316,Argentina,Primera Nacional,male,2026,2026-05-05T00:05:42.000000,2026-05-05T00:05:42.000000
1616,315,Argentina,Primera Nacional,male,2025,2026-04-15T00:14:18.502155,2026-02-04T11:18:18.000000
1616,282,Argentina,Primera Nacional,male,2024,2026-04-15T00:14:18.502155,2025-12-06T15:12:57.000000
357,352,Portugal,Segunda Liga,male,2027/2028,,
357,351,Portugal,Segunda Liga,male,2026/2027,,
357,318,Portugal,Segunda Liga,male,2025/2026,2026-05-04T21:49:49.630514,2026-05-04T14:10:52.000000
357,317,Portugal,Segunda Liga,male,2024/2025,2025-06-24T19:01:54.545338,2025-06-24T19:01:54.545338
357,281,Portugal,Segunda Liga,male,2023/2024,2025-12-13T08:16:53.803157,2025-08-15T14:39:01.212392
357,235,Portugal,Segunda Liga,male,2022/2023,2024-12-19T10:56:28.143302,2024-12-19T10:56:28.143302
357,108,Portugal,Segunda Liga,male,2021/2022,2025-06-15T12:46:59.388341,2025-06-15T12:46:59.388341
71,356,Brazil,Serie A,male,2028,,
12,352,Italy,Serie A,male,2027/2028,,
71,355,Brazil,Serie A,male,2027,,
12,351,Italy,Serie A,male,2026/2027,,
71,316,Brazil,Serie A,male,2026,2026-05-04T23:46:07.000000,2026-05-04T23:46:07.000000
12,318,Italy,Serie A,male,2025/2026,2026-05-04T22:43:38.000000,2026-05-04T22:43:38.000000
71,315,Brazil,Serie A,male,2025,2026-04-17T07:38:09.535754,2026-04-15T15:08:38.000000
12,317,Italy,Serie A,male,2024/2025,2025-11-18T10:34:50.000000,2025-11-18T10:34:50.000000
71,282,Brazil,Serie A,male,2024,2026-04-17T07:38:09.535754,2025-04-07T05:38:32.650154
12,281,Italy,Serie A,male,2023/2024,2024-12-19T11:01:46.976586,2024-12-19T11:01:46.976586
71,107,Brazil,Serie A,male,2023,2026-04-17T07:38:09.535754,2025-06-15T12:51:37.491539
12,235,Italy,Serie A,male,2022/2023,2026-05-03T17:44:02.000000,2026-05-03T17:44:02.000000
71,106,Brazil,Serie A,male,2022,2026-04-17T07:38:09.535754,2024-09-30T17:05:40.485281
12,108,Italy,Serie A,male,2021/2022,2025-11-02T03:24:31.000000,2025-11-02T03:24:31.000000
71,91,Brazil,Serie A,male,2021,2026-04-17T07:38:09.535754,2026-03-10T01:22:29.000000
12,90,Italy,Serie A,male,2020/2021,2025-11-02T03:27:54.000000,2025-11-02T03:27:54.000000
71,43,Brazil,Serie A,male,2020,2026-04-17T07:38:09.535754,2026-03-10T01:28:29.000000
12,42,Italy,Serie A,male,2019/2020,2024-08-07T17:20:33.917925,2024-08-07T17:20:33.917925
71,30,Brazil,Serie A,male,2019,2026-04-17T07:38:09.535754,2026-03-10T01:36:07.000000
12,4,Italy,Serie A,male,2018/2019,2025-10-29T18:14:43.000000,2025-10-29T18:14:43.000000
12,1,Italy,Serie A,male,2017/2018,2025-04-23T14:32:59.045873,2025-04-23T14:32:59.045873
12,2,Italy,Serie A,male,2016/2017,2026-04-07T16:06:39.000000,2026-04-07T16:06:39.000000
1281,356,Brazil,Serie B,male,2028,,
84,352,Italy,Serie B,male,2027/2028,,
1281,355,Brazil,Serie B,male,2027,,
84,351,Italy,Serie B,male,2026/2027,,
1281,316,Brazil,Serie B,male,2026,2026-05-04T22:27:35.552842,2026-05-04T22:14:55.000000
84,318,Italy,Serie B,male,2025/2026,2026-05-04T15:35:32.000000,2026-05-04T15:35:32.000000
1281,315,Brazil,Serie B,male,2025,2026-01-31T06:31:26.000000,2026-01-31T06:31:26.000000
84,317,Italy,Serie B,male,2024/2025,2026-04-15T14:25:46.000000,2026-04-15T14:25:46.000000
1281,282,Brazil,Serie B,male,2024,2025-06-15T12:52:30.954938,2025-06-15T12:52:30.954938
84,281,Italy,Serie B,male,2023/2024,2026-04-15T12:16:15.000000,2026-04-15T12:16:15.000000
1281,107,Brazil,Serie B,male,2023,2025-08-30T16:25:14.760418,2025-08-30T16:25:14.760418
84,235,Italy,Serie B,male,2022/2023,2026-04-12T16:09:25.711023,2026-04-06T18:53:33.000000
1281,106,Brazil,Serie B,male,2022,2025-08-30T16:24:26.921588,2025-08-30T16:24:26.921588
84,108,Italy,Serie B,male,2021/2022,2026-04-06T18:41:04.000000,2026-04-06T18:41:04.000000
84,90,Italy,Serie B,male,2020/2021,2026-04-07T21:52:50.000000,2026-04-07T21:52:50.000000
84,42,Italy,Serie B,male,2019/2020,2026-04-14T12:48:56.000000,2026-04-14T12:48:56.000000
60,352,Greece,Super League,male,2027/2028,,
80,352,Switzerland,Super League,male,2027/2028,,
80,351,Switzerland,Super League,male,2026/2027,,
60,351,Greece,Super League,male,2026/2027,,
80,318,Switzerland,Super League,male,2025/2026,2026-05-04T23:07:31.000000,2026-05-04T23:07:31.000000
60,318,Greece,Super League,male,2025/2026,2026-05-04T16:28:16.000000,2026-05-04T16:28:16.000000
60,317,Greece,Super League,male,2024/2025,2026-04-15T15:06:10.000000,2026-04-15T15:06:10.000000
80,317,Switzerland,Super League,male,2024/2025,2025-06-16T19:22:38.897853,2025-06-16T19:22:38.897853
80,281,Switzerland,Super League,male,2023/2024,2024-11-26T11:13:56.423456,2024-11-26T11:13:56.423456
60,281,Greece,Super League,male,2023/2024,2026-04-15T12:13:07.000000,2026-04-15T12:13:07.000000
60,235,Greece,Super League,male,2022/2023,2026-04-15T10:17:20.000000,2026-04-15T10:17:20.000000
80,235,Switzerland,Super League,male,2022/2023,2024-11-26T11:49:58.656809,2024-11-26T11:49:58.656809
80,108,Switzerland,Super League,male,2021/2022,2024-09-29T07:39:12.713059,2024-09-29T07:39:12.713059
60,108,Greece,Super League,male,2021/2022,2026-04-14T14:33:40.000000,2026-04-14T14:33:40.000000
60,90,Greece,Super League,male,2020/2021,2026-04-14T14:20:56.000000,2026-04-14T14:20:56.000000
80,90,Switzerland,Super League,male,2020/2021,2024-08-05T15:13:36.576033,2024-08-05T15:13:36.576033
60,42,Greece,Super League,male,2019/2020,2026-04-14T13:07:08.000000,2026-04-14T13:07:08.000000
80,42,Switzerland,Super League,male,2019/2020,2025-04-23T14:40:50.313120,2025-04-23T14:40:50.313120
124,352,Slovakia,Super Liga,male,2027/2028,,
79,352,Serbia,Super Liga,male,2027/2028,,
79,351,Serbia,Super Liga,male,2026/2027,,
124,351,Slovakia,Super Liga,male,2026/2027,,
124,318,Slovakia,Super Liga,male,2025/2026,2026-05-04T23:18:47.000000,2026-05-04T23:18:47.000000
79,318,Serbia,Super Liga,male,2025/2026,2026-05-04T22:54:34.327440,2026-05-03T23:14:38.000000
124,317,Slovakia,Super Liga,male,2024/2025,2025-06-25T07:03:16.349813,2025-06-25T07:03:16.349813
79,317,Serbia,Super Liga,male,2024/2025,2025-06-26T12:26:00.990341,2025-06-26T12:26:00.990341
124,281,Slovakia,Super Liga,male,2023/2024,2024-09-05T00:23:25.586878,2024-09-05T00:23:25.586878
79,281,Serbia,Super Liga,male,2023/2024,2024-10-31T19:21:48.625754,2024-10-31T19:21:48.625754
79,235,Serbia,Super Liga,male,2022/2023,2024-09-29T03:28:35.229925,2024-09-29T03:28:35.229925
124,235,Slovakia,Super Liga,male,2022/2023,2025-11-18T10:11:05.000000,2025-11-18T10:11:05.000000
124,108,Slovakia,Super Liga,male,2021/2022,2025-04-23T14:49:44.563504,2025-04-23T14:49:44.563504
79,108,Serbia,Super Liga,male,2021/2022,2024-11-26T11:49:03.808875,2024-11-26T11:49:03.808875
124,90,Slovakia,Super Liga,male,2020/2021,2024-05-15T23:48:02.256776,2024-05-15T23:48:02.256776
79,90,Serbia,Super Liga,male,2020/2021,2026-04-07T21:36:17.000000,2026-04-07T21:36:17.000000
79,42,Serbia,Super Liga,male,2019/2020,2024-08-07T17:17:16.062758,2024-08-07T17:17:16.062758
249,356,Sweden,Superettan,male,2028,,
249,355,Sweden,Superettan,male,2027,,
249,316,Sweden,Superettan,male,2026,2026-05-04T22:32:03.000000,2026-05-04T22:32:03.000000
249,315,Sweden,Superettan,male,2025,2026-04-15T15:19:54.000000,2026-04-15T15:19:54.000000
249,282,Sweden,Superettan,male,2024,2025-04-23T14:33:42.743152,2025-04-23T14:33:42.743152
249,107,Sweden,Superettan,male,2023,2024-12-20T13:55:36.226484,2024-12-20T13:55:36.226484
249,106,Sweden,Superettan,male,2022,2024-09-29T17:56:19.361937,2024-09-29T17:56:19.361937
249,91,Sweden,Superettan,male,2021,2025-04-23T14:17:16.825709,2025-04-23T14:17:16.825709
77,352,Denmark,Superliga,male,2027/2028,,
77,351,Denmark,Superliga,male,2026/2027,,
77,318,Denmark,Superliga,male,2025/2026,2026-05-04T18:37:55.000000,2026-05-04T18:37:55.000000
77,317,Denmark,Superliga,male,2024/2025,2026-04-27T00:33:56.000000,2026-04-27T00:33:56.000000
77,281,Denmark,Superliga,male,2023/2024,2024-12-20T13:29:07.310775,2024-12-20T13:29:07.310775
77,235,Denmark,Superliga,male,2022/2023,2026-05-03T17:11:53.000000,2026-05-03T17:11:53.000000
77,108,Denmark,Superliga,male,2021/2022,2026-05-04T22:25:07.000000,2026-05-04T22:25:07.000000
77,90,Denmark,Superliga,male,2020/2021,2026-03-10T10:02:55.045852,2025-11-01T23:48:38.000000
77,42,Denmark,Superliga,male,2019/2020,2024-08-07T17:18:15.508534,2024-08-07T17:18:15.508534
77,4,Denmark,Superliga,male,2018/2019,2024-11-29T06:02:51.019255,2024-11-29T06:02:51.019255
1449,318,Sweden,Svenska Cupen,male,2025/2026,2026-04-28T08:26:57.092229,2026-04-23T14:25:12.000000
1449,317,Sweden,Svenska Cupen,male,2024/2025,2025-06-14T10:42:35.652345,2025-06-14T10:42:35.652345
1449,281,Sweden,Svenska Cupen,male,2023/2024,2025-09-11T12:41:13.182475,2025-09-11T12:41:13.182475
85,352,Türkiye,Süper Lig,male,2027/2028,,
85,351,Türkiye,Süper Lig,male,2026/2027,,
85,318,Türkiye,Süper Lig,male,2025/2026,2026-05-04T22:32:42.000000,2026-05-04T22:32:42.000000
85,317,Türkiye,Süper Lig,male,2024/2025,2025-11-08T18:59:40.000000,2025-11-08T18:59:40.000000
85,281,Türkiye,Süper Lig,male,2023/2024,2024-09-28T17:35:08.087404,2024-09-28T17:35:08.087404
85,235,Türkiye,Süper Lig,male,2022/2023,2024-12-19T13:58:33.410805,2024-12-19T13:58:33.410805
85,108,Türkiye,Süper Lig,male,2021/2022,2025-01-07T14:05:06.825446,2025-01-07T14:05:06.825446
85,90,Türkiye,Süper Lig,male,2020/2021,2024-09-19T17:11:24.948922,2024-09-19T17:11:24.948922
85,42,Türkiye,Süper Lig,male,2019/2020,2024-12-18T14:02:47.137160,2024-12-18T14:02:47.137160
1425,107,Argentina,Trofeo de Campeones,male,2023,2024-08-01T10:03:01.522662,2024-08-01T10:03:01.522662
1563,107,International,U20 Intercontinental Cup: AZ,male,2023,2026-04-08T10:57:33.981571,2024-02-13T15:02:21.145590
1896,318,Europe,UEFA Conference League - Qualification	,male,2025/2026,2026-04-27T11:01:35.000000,2026-04-27T11:01:35.000000
55,43,Europe,UEFA Euro,male,2020,2025-11-02T02:16:04.000000,2025-11-02T02:16:04.000000
353,352,Europe,UEFA Europa Conference League,male,2027/2028,,
353,351,Europe,UEFA Europa Conference League,male,2026/2027,,
353,318,Europe,UEFA Europa Conference League,male,2025/2026,2026-05-02T14:00:53.000000,2026-05-02T14:00:53.000000
353,317,Europe,UEFA Europa Conference League,male,2024/2025,2026-04-28T18:21:48.000000,2026-04-28T18:21:48.000000
353,281,Europe,UEFA Europa Conference League,male,2023/2024,2026-05-03T03:00:14.000000,2026-05-03T03:00:14.000000
353,235,Europe,UEFA Europa Conference League,male,2022/2023,2026-04-15T11:51:45.616048,2026-03-13T10:23:31.000000
353,108,Europe,UEFA Europa Conference League,male,2021/2022,2026-04-15T11:51:45.616048,2026-04-08T00:51:59.000000
35,352,Europe,UEFA Europa League,male,2027/2028,,
35,351,Europe,UEFA Europa League,male,2026/2027,,
35,318,Europe,UEFA Europa League,male,2025/2026,2026-05-04T15:09:55.000000,2026-05-04T15:09:55.000000
35,317,Europe,UEFA Europa League,male,2024/2025,2026-04-28T18:24:41.000000,2026-04-28T18:24:41.000000
35,281,Europe,UEFA Europa League,male,2023/2024,2026-05-03T01:31:11.000000,2026-05-03T01:31:11.000000
35,235,Europe,UEFA Europa League,male,2022/2023,2026-05-04T00:39:05.000000,2026-05-04T00:39:05.000000
35,108,Europe,UEFA Europa League,male,2021/2022,2026-04-06T11:42:28.000000,2026-04-06T11:42:28.000000
35,90,Europe,UEFA Europa League,male,2020/2021,2026-04-15T11:51:45.616048,2025-12-17T11:56:44.000000
35,42,Europe,UEFA Europa League,male,2019/2020,2026-04-15T11:51:45.616048,2025-12-16T16:41:33.000000
35,4,Europe,UEFA Europa League,male,2018/2019,2026-04-07T17:58:03.000000,2026-04-07T17:58:03.000000
1333,355,Europe,UEFA U17 Championship,male,2027,,
1333,316,Europe,UEFA U17 Championship,male,2026,,
1333,315,Europe,UEFA U17 Championship,male,2025,2026-04-27T11:57:33.000000,2026-04-27T11:57:33.000000
1333,282,Europe,UEFA U17 Championship,male,2024,2026-05-01T08:42:37.000000,2026-05-01T08:42:37.000000
1333,107,Europe,UEFA U17 Championship,male,2023,2026-05-03T17:21:37.000000,2026-05-03T17:21:37.000000
1333,106,Europe,UEFA U17 Championship,male,2022,2026-05-04T22:58:06.000000,2026-05-04T22:58:06.000000
1336,355,Europe,UEFA U19 Championship,male,2027,,
1336,316,Europe,UEFA U19 Championship,male,2026,,
1336,315,Europe,UEFA U19 Championship,male,2025,2026-04-27T11:06:26.000000,2026-04-27T11:06:26.000000
1336,282,Europe,UEFA U19 Championship,male,2024,2026-05-01T08:48:55.000000,2026-05-01T08:48:55.000000
1336,107,Europe,UEFA U19 Championship,male,2023,2026-05-03T02:50:57.000000,2026-05-03T02:50:57.000000
1336,106,Europe,UEFA U19 Championship,male,2022,2026-05-04T20:01:39.000000,2026-05-04T20:01:39.000000
173,355,Europe,UEFA U21 Championship,male,2027,,
173,315,Europe,UEFA U21 Championship,male,2025,2026-04-28T11:07:05.000000,2026-04-28T11:07:05.000000
173,107,Europe,UEFA U21 Championship,male,2023,2026-05-03T17:25:24.000000,2026-05-03T17:25:24.000000
173,91,Europe,UEFA U21 Championship,male,2021,2026-04-12T20:19:59.581491,2026-04-12T18:36:20.000000
113,352,Europe,UEFA Youth League,male,2027/2028,,
113,351,Europe,UEFA Youth League,male,2026/2027,,
113,318,Europe,UEFA Youth League,male,2025/2026,2026-05-02T13:50:25.797141,2026-04-26T21:28:44.000000
113,317,Europe,UEFA Youth League,male,2024/2025,2026-05-02T14:37:11.000000,2026-05-02T14:37:11.000000
113,281,Europe,UEFA Youth League,male,2023/2024,2026-05-02T05:57:23.000000,2026-05-02T05:57:23.000000
113,235,Europe,UEFA Youth League,male,2022/2023,2026-05-03T23:36:30.000000,2026-05-03T23:36:30.000000
113,108,Europe,UEFA Youth League,male,2021/2022,2026-04-13T12:57:11.000000,2026-04-13T12:57:11.000000
113,90,Europe,UEFA Youth League,male,2020/2021,2026-04-08T10:58:15.365478,
113,42,Europe,UEFA Youth League,male,2019/2020,2026-04-06T08:28:07.541515,2025-10-29T21:09:23.000000
89,316,USA,USL Championship,male,2026,2026-05-04T20:52:55.000000,2026-05-04T20:52:55.000000
89,315,USA,USL Championship,male,2025,2026-04-15T15:02:30.000000,2026-04-15T15:02:30.000000
89,282,USA,USL Championship,male,2024,2026-04-01T13:37:01.000000,2026-04-01T13:37:01.000000
89,107,USA,USL Championship,male,2023,2026-05-02T14:47:22.000000,2026-05-02T14:47:22.000000
89,106,USA,USL Championship,male,2022,2024-09-29T17:54:06.327296,2024-09-29T17:54:06.327296
89,91,USA,USL Championship,male,2021,2026-03-06T00:42:21.000000,2026-03-06T00:42:21.000000
89,43,USA,USL Championship,male,2020,2024-07-31T16:47:00.053784,2024-07-31T16:47:00.053784
89,30,USA,USL Championship,male,2019,2026-04-01T13:48:03.164171,2024-02-26T00:22:13.986107
106,356,Finland,Veikkausliiga,male,2028,,
106,355,Finland,Veikkausliiga,male,2027,,
106,316,Finland,Veikkausliiga,male,2026,2026-05-04T15:30:03.134072,2026-05-04T14:45:18.000000
106,315,Finland,Veikkausliiga,male,2025,2026-04-06T20:29:59.000000,2026-04-06T20:29:59.000000
106,282,Finland,Veikkausliiga,male,2024,2026-04-06T19:23:28.000000,2026-04-06T19:23:28.000000
106,107,Finland,Veikkausliiga,male,2023,2026-04-15T10:44:44.000000,2026-04-15T10:44:44.000000
106,106,Finland,Veikkausliiga,male,2022,2026-05-02T15:01:56.000000,2026-05-02T15:01:56.000000
106,91,Finland,Veikkausliiga,male,2021,2025-04-23T14:44:53.062728,2025-04-23T14:44:53.062728
106,43,Finland,Veikkausliiga,male,2020,2026-04-07T21:14:36.000000,2026-04-07T21:14:36.000000
